States,$,ADD,ARRAY,LBRA,DO,MINUS,STR,LPAR,SEMICOLON,ELSE,ID,IF,INTEGER,SUB,BOR,BAND,EQ,FUNCTION,BOOLEAN,GEQ,NOT,AND,REAL,END,THEN,MULTIPLY,XOR,GRE,ASEQ,RPAR,CHAR,BEGIN,INT,DIVIDE,RETURN,OF,CHARACTER,COMMA,PROCEDURE,OR,MOD,COLON,REA,BOOL,RBRA,LEQ,STRING,WHILE,LES,NEQ,REM,BULK_ASSIGNMENT,A,B,C,D,FUNCTION_CALL,E,F,VAR_DCL,LOOP,G,BINARY_OP,H,I,FUNC_DEF,SIMPLE_VAR,FUNCTION_CALL_PRIME,UNARY_OP,EXPR,ASSIGNMENT,MAIN,id,TYPE,ID_ARRAY,BLOCK_PRIME,BLOCK,CONSTANT,ARRAY_DIMENSION,STMT,CONDITIONAL,ARGUEMENT,PROC_DEF,ARRAY_VAR
0,ERROR,ERROR,PUSH_GOTO S29 NoSem,ERROR,ERROR,ERROR,ERROR,ERROR,ERROR,ERROR,ERROR,ERROR,PUSH_GOTO S29 NoSem,ERROR,ERROR,ERROR,ERROR,PUSH_GOTO S57 NoSem,PUSH_GOTO S29 NoSem,ERROR,ERROR,ERROR,PUSH_GOTO S29 NoSem,ERROR,ERROR,ERROR,ERROR,ERROR,ERROR,ERROR,PUSH_GOTO S29 NoSem,ERROR,ERROR,ERROR,ERROR,ERROR,ERROR,ERROR,PUSH_GOTO S66 NoSem,ERROR,ERROR,ERROR,ERROR,ERROR,ERROR,ERROR,PUSH_GOTO S29 NoSem,ERROR,ERROR,ERROR,ERROR,ERROR,ERROR,ERROR,ERROR,ERROR,ERROR,ERROR,ERROR,GOTO S1 NoSem,ERROR,ERROR,ERROR,ERROR,ERROR,GOTO S1 NoSem,ERROR,ERROR,ERROR,ERROR,ERROR,ERROR,ERROR,ERROR,ERROR,ERROR,ERROR,ERROR,ERROR,ERROR,ERROR,ERROR,GOTO S1 NoSem,ERROR
1,ACCEPT NoSem,ERROR,PUSH_GOTO S29 NoSem,ERROR,ERROR,ERROR,ERROR,ERROR,ERROR,ERROR,ERROR,ERROR,PUSH_GOTO S29 NoSem,ERROR,ERROR,ERROR,ERROR,PUSH_GOTO S57 NoSem,PUSH_GOTO S29 NoSem,ERROR,ERROR,ERROR,PUSH_GOTO S29 NoSem,ERROR,ERROR,ERROR,ERROR,ERROR,ERROR,ERROR,PUSH_GOTO S29 NoSem,ERROR,ERROR,ERROR,ERROR,ERROR,ERROR,ERROR,PUSH_GOTO S66 NoSem,ERROR,ERROR,ERROR,ERROR,ERROR,ERROR,ERROR,PUSH_GOTO S29 NoSem,ERROR,ERROR,ERROR,ERROR,ERROR,ERROR,ERROR,ERROR,ERROR,ERROR,ERROR,ERROR,GOTO S1 NoSem,ERROR,ERROR,ERROR,ERROR,ERROR,GOTO S1 NoSem,ERROR,ERROR,ERROR,ERROR,ERROR,ERROR,ERROR,ERROR,ERROR,ERROR,ERROR,ERROR,ERROR,ERROR,ERROR,ERROR,GOTO S1 NoSem,ERROR
2,ERROR,ERROR,ERROR,ERROR,ERROR,ERROR,ERROR,ERROR,ERROR,ERROR,ERROR,ERROR,ERROR,ERROR,ERROR,ERROR,ERROR,ERROR,ERROR,ERROR,ERROR,ERROR,ERROR,ERROR,ERROR,ERROR,ERROR,ERROR,ERROR,ERROR,ERROR,ERROR,ERROR,ERROR,ERROR,ERROR,ERROR,ERROR,ERROR,ERROR,ERROR,ERROR,ERROR,ERROR,ERROR,ERROR,ERROR,SHIFT S3 @start_loop,ERROR,ERROR,ERROR,ERROR,ERROR,ERROR,ERROR,ERROR,ERROR,ERROR,ERROR,ERROR,ERROR,ERROR,ERROR,ERROR,ERROR,ERROR,ERROR,ERROR,ERROR,ERROR,ERROR,ERROR,ERROR,ERROR,ERROR,ERROR,ERROR,ERROR,ERROR,ERROR,ERROR,ERROR,ERROR,ERROR
3,ERROR,ERROR,ERROR,ERROR,ERROR,ERROR,PUSH_GOTO S116 NoSem,PUSH_GOTO S116 NoSem,ERROR,ERROR,PUSH_GOTO S116 NoSem,ERROR,ERROR,PUSH_GOTO S116 NoSem,ERROR,ERROR,ERROR,ERROR,ERROR,ERROR,PUSH_GOTO S116 NoSem,ERROR,ERROR,ERROR,ERROR,ERROR,ERROR,ERROR,ERROR,ERROR,ERROR,ERROR,PUSH_GOTO S116 NoSem,ERROR,ERROR,ERROR,PUSH_GOTO S116 NoSem,ERROR,ERROR,ERROR,ERROR,ERROR,PUSH_GOTO S116 NoSem,PUSH_GOTO S116 NoSem,ERROR,ERROR,ERROR,ERROR,ERROR,ERROR,ERROR,ERROR,ERROR,ERROR,ERROR,ERROR,ERROR,ERROR,ERROR,ERROR,ERROR,ERROR,ERROR,ERROR,ERROR,ERROR,ERROR,ERROR,ERROR,GOTO S4 NoSem,ERROR,ERROR,ERROR,ERROR,ERROR,ERROR,ERROR,ERROR,ERROR,ERROR,ERROR,ERROR,ERROR,ERROR
4,ERROR,ERROR,ERROR,ERROR,SHIFT S5 @loop_first_comp,ERROR,ERROR,ERROR,ERROR,ERROR,ERROR,ERROR,ERROR,ERROR,ERROR,ERROR,ERROR,ERROR,ERROR,ERROR,ERROR,ERROR,ERROR,ERROR,ERROR,ERROR,ERROR,ERROR,ERROR,ERROR,ERROR,ERROR,ERROR,ERROR,ERROR,ERROR,ERROR,ERROR,ERROR,ERROR,ERROR,ERROR,ERROR,ERROR,ERROR,ERROR,ERROR,ERROR,ERROR,ERROR,ERROR,ERROR,ERROR,ERROR,ERROR,ERROR,ERROR,ERROR,ERROR,ERROR,ERROR,ERROR,ERROR,ERROR,ERROR,ERROR,ERROR,ERROR,ERROR,ERROR,ERROR,ERROR,ERROR,ERROR,ERROR,ERROR,ERROR,ERROR,ERROR,ERROR,ERROR,ERROR,ERROR,ERROR
5,ERROR,ERROR,ERROR,ERROR,ERROR,ERROR,ERROR,ERROR,ERROR,ERROR,ERROR,ERROR,ERROR,ERROR,ERROR,ERROR,ERROR,ERROR,ERROR,ERROR,ERROR,ERROR,ERROR,ERROR,ERROR,ERROR,ERROR,ERROR,ERROR,ERROR,ERROR,SHIFT S7 NoSem,ERROR,ERROR,ERROR,ERROR,ERROR,ERROR,ERROR,ERROR,ERROR,ERROR,ERROR,ERROR,ERROR,ERROR,ERROR,ERROR,ERROR,ERROR,ERROR,ERROR,ERROR,ERROR,ERROR,ERROR,ERROR,ERROR,ERROR,ERROR,ERROR,ERROR,ERROR,ERROR,ERROR,ERROR,ERROR,ERROR,ERROR,ERROR,ERROR,ERROR,ERROR,ERROR,ERROR,ERROR,ERROR,ERROR,ERROR,ERROR,ERROR,ERROR,ERROR,ERROR
6,ERROR,ERROR,ERROR,ERROR,ERROR,ERROR,ERROR,ERROR,REDUCE LOOP,ERROR,ERROR,ERROR,ERROR,ERROR,ERROR,ERROR,ERROR,ERROR,ERROR,ERROR,ERROR,ERROR,ERROR,ERROR,ERROR,ERROR,ERROR,ERROR,ERROR,ERROR,ERROR,ERROR,ERROR,ERROR,ERROR,ERROR,ERROR,ERROR,ERROR,ERROR,ERROR,ERROR,ERROR,ERROR,ERROR,ERROR,ERROR,ERROR,ERROR,ERROR,ERROR,ERROR,ERROR,ERROR,ERROR,ERROR,ERROR,ERROR,ERROR,ERROR,ERROR,ERROR,ERROR,ERROR,ERROR,ERROR,ERROR,ERROR,ERROR,ERROR,ERROR,ERROR,ERROR,ERROR,ERROR,ERROR,ERROR,ERROR,ERROR,ERROR,ERROR,ERROR,ERROR,ERROR
7,ERROR,ERROR,ERROR,ERROR,ERROR,ERROR,ERROR,PUSH_GOTO S150 NoSem,ERROR,ERROR,PUSH_GOTO S150 NoSem,PUSH_GOTO S150 NoSem,ERROR,ERROR,ERROR,ERROR,ERROR,ERROR,ERROR,ERROR,ERROR,ERROR,ERROR,PUSH_GOTO S150 NoSem,ERROR,ERROR,ERROR,ERROR,ERROR,ERROR,ERROR,ERROR,ERROR,ERROR,PUSH_GOTO S150 NoSem,ERROR,ERROR,ERROR,ERROR,ERROR,ERROR,ERROR,ERROR,ERROR,ERROR,ERROR,ERROR,PUSH_GOTO S150 NoSem,ERROR,ERROR,ERROR,ERROR,ERROR,ERROR,ERROR,ERROR,ERROR,ERROR,ERROR,ERROR,ERROR,ERROR,ERROR,ERROR,ERROR,ERROR,ERROR,ERROR,ERROR,ERROR,ERROR,ERROR,ERROR,ERROR,ERROR,GOTO S8 NoSem,ERROR,ERROR,ERROR,ERROR,ERROR,ERROR,ERROR,ERROR
8,ERROR,ERROR,ERROR,ERROR,ERROR,ERROR,ERROR,ERROR,ERROR,ERROR,ERROR,ERROR,ERROR,ERROR,ERROR,ERROR,ERROR,ERROR,ERROR,ERROR,ERROR,ERROR,ERROR,SHIFT S6 @comp_loop,ERROR,ERROR,ERROR,ERROR,ERROR,ERROR,ERROR,ERROR,ERROR,ERROR,ERROR,ERROR,ERROR,ERROR,ERROR,ERROR,ERROR,ERROR,ERROR,ERROR,ERROR,ERROR,ERROR,ERROR,ERROR,ERROR,ERROR,ERROR,ERROR,ERROR,ERROR,ERROR,ERROR,ERROR,ERROR,ERROR,ERROR,ERROR,ERROR,ERROR,ERROR,ERROR,ERROR,ERROR,ERROR,ERROR,ERROR,ERROR,ERROR,ERROR,ERROR,ERROR,ERROR,ERROR,ERROR,ERROR,ERROR,ERROR,ERROR,ERROR
9,ERROR,ERROR,ERROR,ERROR,ERROR,ERROR,ERROR,ERROR,ERROR,ERROR,ERROR,SHIFT S10 NoSem,ERROR,ERROR,ERROR,ERROR,ERROR,ERROR,ERROR,ERROR,ERROR,ERROR,ERROR,ERROR,ERROR,ERROR,ERROR,ERROR,ERROR,ERROR,ERROR,ERROR,ERROR,ERROR,ERROR,ERROR,ERROR,ERROR,ERROR,ERROR,ERROR,ERROR,ERROR,ERROR,ERROR,ERROR,ERROR,ERROR,ERROR,ERROR,ERROR,ERROR,ERROR,ERROR,ERROR,ERROR,ERROR,ERROR,ERROR,ERROR,ERROR,ERROR,ERROR,ERROR,ERROR,ERROR,ERROR,ERROR,ERROR,ERROR,ERROR,ERROR,ERROR,ERROR,ERROR,ERROR,ERROR,ERROR,ERROR,ERROR,ERROR,ERROR,ERROR,ERROR
10,ERROR,ERROR,ERROR,ERROR,ERROR,ERROR,PUSH_GOTO S116 NoSem,PUSH_GOTO S116 NoSem,ERROR,ERROR,PUSH_GOTO S116 NoSem,ERROR,ERROR,PUSH_GOTO S116 NoSem,ERROR,ERROR,ERROR,ERROR,ERROR,ERROR,PUSH_GOTO S116 NoSem,ERROR,ERROR,ERROR,ERROR,ERROR,ERROR,ERROR,ERROR,ERROR,ERROR,ERROR,PUSH_GOTO S116 NoSem,ERROR,ERROR,ERROR,PUSH_GOTO S116 NoSem,ERROR,ERROR,ERROR,ERROR,ERROR,PUSH_GOTO S116 NoSem,PUSH_GOTO S116 NoSem,ERROR,ERROR,ERROR,ERROR,ERROR,ERROR,ERROR,ERROR,ERROR,ERROR,ERROR,ERROR,ERROR,ERROR,ERROR,ERROR,ERROR,ERROR,ERROR,ERROR,ERROR,ERROR,ERROR,ERROR,ERROR,GOTO S11 NoSem,ERROR,ERROR,ERROR,ERROR,ERROR,ERROR,ERROR,ERROR,ERROR,ERROR,ERROR,ERROR,ERROR,ERROR
11,ERROR,ERROR,ERROR,ERROR,ERROR,ERROR,ERROR,ERROR,ERROR,ERROR,ERROR,ERROR,ERROR,ERROR,ERROR,ERROR,ERROR,ERROR,ERROR,ERROR,ERROR,ERROR,ERROR,ERROR,SHIFT S12 @start_branch_if,ERROR,ERROR,ERROR,ERROR,ERROR,ERROR,ERROR,ERROR,ERROR,ERROR,ERROR,ERROR,ERROR,ERROR,ERROR,ERROR,ERROR,ERROR,ERROR,ERROR,ERROR,ERROR,ERROR,ERROR,ERROR,ERROR,ERROR,ERROR,ERROR,ERROR,ERROR,ERROR,ERROR,ERROR,ERROR,ERROR,ERROR,ERROR,ERROR,ERROR,ERROR,ERROR,ERROR,ERROR,ERROR,ERROR,ERROR,ERROR,ERROR,ERROR,ERROR,ERROR,ERROR,ERROR,ERROR,ERROR,ERROR,ERROR,ERROR
12,ERROR,ERROR,ERROR,ERROR,ERROR,ERROR,ERROR,ERROR,ERROR,ERROR,ERROR,ERROR,ERROR,ERROR,ERROR,ERROR,ERROR,ERROR,ERROR,ERROR,ERROR,ERROR,ERROR,ERROR,ERROR,ERROR,ERROR,ERROR,ERROR,ERROR,ERROR,PUSH_GOTO S76 NoSem,ERROR,ERROR,ERROR,ERROR,ERROR,ERROR,ERROR,ERROR,ERROR,ERROR,ERROR,ERROR,ERROR,ERROR,ERROR,ERROR,ERROR,ERROR,ERROR,ERROR,ERROR,ERROR,ERROR,ERROR,ERROR,ERROR,ERROR,ERROR,ERROR,ERROR,ERROR,ERROR,ERROR,ERROR,ERROR,ERROR,ERROR,ERROR,ERROR,ERROR,ERROR,ERROR,ERROR,ERROR,GOTO S13 NoSem,ERROR,ERROR,ERROR,ERROR,ERROR,ERROR,ERROR
13,ERROR,ERROR,ERROR,ERROR,ERROR,ERROR,ERROR,ERROR,REDUCE CONDITIONAL,SHIFT S14 NoSem,ERROR,ERROR,ERROR,ERROR,ERROR,ERROR,ERROR,ERROR,ERROR,ERROR,ERROR,ERROR,ERROR,ERROR,ERROR,ERROR,ERROR,ERROR,ERROR,ERROR,ERROR,ERROR,ERROR,ERROR,ERROR,ERROR,ERROR,ERROR,ERROR,ERROR,ERROR,ERROR,ERROR,ERROR,ERROR,ERROR,ERROR,ERROR,ERROR,ERROR,ERROR,ERROR,ERROR,ERROR,ERROR,ERROR,ERROR,ERROR,ERROR,ERROR,ERROR,ERROR,ERROR,ERROR,ERROR,ERROR,ERROR,ERROR,ERROR,ERROR,ERROR,ERROR,ERROR,ERROR,ERROR,ERROR,ERROR,ERROR,ERROR,ERROR,ERROR,ERROR,ERROR,ERROR
14,ERROR,ERROR,ERROR,ERROR,ERROR,ERROR,ERROR,ERROR,ERROR,ERROR,ERROR,ERROR,ERROR,ERROR,ERROR,ERROR,ERROR,ERROR,ERROR,ERROR,ERROR,ERROR,ERROR,ERROR,ERROR,ERROR,ERROR,ERROR,ERROR,ERROR,ERROR,PUSH_GOTO S76 NoSem,ERROR,ERROR,ERROR,ERROR,ERROR,ERROR,ERROR,ERROR,ERROR,ERROR,ERROR,ERROR,ERROR,ERROR,ERROR,ERROR,ERROR,ERROR,ERROR,ERROR,ERROR,ERROR,ERROR,ERROR,ERROR,ERROR,ERROR,ERROR,ERROR,ERROR,ERROR,ERROR,ERROR,ERROR,ERROR,ERROR,ERROR,ERROR,ERROR,ERROR,ERROR,ERROR,ERROR,ERROR,GOTO S15 NoSem,ERROR,ERROR,ERROR,ERROR,ERROR,ERROR,ERROR
15,ERROR,ERROR,ERROR,ERROR,ERROR,ERROR,ERROR,ERROR,REDUCE CONDITIONAL,ERROR,ERROR,ERROR,ERROR,ERROR,ERROR,ERROR,ERROR,ERROR,ERROR,ERROR,ERROR,ERROR,ERROR,ERROR,ERROR,ERROR,ERROR,ERROR,ERROR,ERROR,ERROR,ERROR,ERROR,ERROR,ERROR,ERROR,ERROR,ERROR,ERROR,ERROR,ERROR,ERROR,ERROR,ERROR,ERROR,ERROR,ERROR,ERROR,ERROR,ERROR,ERROR,ERROR,ERROR,ERROR,ERROR,ERROR,ERROR,ERROR,ERROR,ERROR,ERROR,ERROR,ERROR,ERROR,ERROR,ERROR,ERROR,ERROR,ERROR,ERROR,ERROR,ERROR,ERROR,ERROR,ERROR,ERROR,ERROR,ERROR,ERROR,ERROR,ERROR,ERROR,ERROR,ERROR
16,ERROR,ERROR,ERROR,ERROR,ERROR,ERROR,ERROR,ERROR,ERROR,ERROR,SHIFT S17 NoSem,ERROR,ERROR,ERROR,ERROR,ERROR,ERROR,ERROR,ERROR,ERROR,ERROR,ERROR,ERROR,ERROR,ERROR,ERROR,ERROR,ERROR,ERROR,ERROR,ERROR,ERROR,ERROR,ERROR,ERROR,ERROR,ERROR,ERROR,ERROR,ERROR,ERROR,ERROR,ERROR,ERROR,ERROR,ERROR,ERROR,ERROR,ERROR,ERROR,ERROR,ERROR,ERROR,ERROR,ERROR,ERROR,ERROR,ERROR,ERROR,ERROR,ERROR,ERROR,ERROR,ERROR,ERROR,ERROR,ERROR,ERROR,ERROR,ERROR,ERROR,ERROR,ERROR,ERROR,ERROR,ERROR,ERROR,ERROR,ERROR,ERROR,ERROR,ERROR,ERROR,ERROR
17,ERROR,ERROR,ERROR,ERROR,ERROR,ERROR,ERROR,SHIFT S18 NoSem,ERROR,ERROR,ERROR,ERROR,ERROR,ERROR,ERROR,ERROR,ERROR,ERROR,ERROR,ERROR,ERROR,ERROR,ERROR,ERROR,ERROR,ERROR,ERROR,ERROR,ERROR,ERROR,ERROR,ERROR,ERROR,ERROR,ERROR,ERROR,ERROR,ERROR,ERROR,ERROR,ERROR,ERROR,ERROR,ERROR,ERROR,ERROR,ERROR,ERROR,ERROR,ERROR,ERROR,ERROR,ERROR,ERROR,ERROR,ERROR,ERROR,ERROR,ERROR,ERROR,ERROR,ERROR,ERROR,ERROR,ERROR,ERROR,ERROR,ERROR,ERROR,ERROR,ERROR,ERROR,ERROR,ERROR,ERROR,ERROR,ERROR,ERROR,ERROR,ERROR,ERROR,ERROR,ERROR,ERROR
18,ERROR,ERROR,ERROR,ERROR,ERROR,ERROR,PUSH_GOTO S116 NoSem,PUSH_GOTO S116 NoSem,ERROR,ERROR,PUSH_GOTO S116 NoSem,ERROR,ERROR,PUSH_GOTO S116 NoSem,ERROR,ERROR,ERROR,ERROR,ERROR,ERROR,PUSH_GOTO S116 NoSem,ERROR,ERROR,ERROR,ERROR,ERROR,ERROR,ERROR,ERROR,SHIFT S22 NoSem,ERROR,ERROR,PUSH_GOTO S116 NoSem,ERROR,ERROR,ERROR,PUSH_GOTO S116 NoSem,ERROR,ERROR,ERROR,ERROR,ERROR,PUSH_GOTO S116 NoSem,PUSH_GOTO S116 NoSem,ERROR,ERROR,ERROR,ERROR,ERROR,ERROR,ERROR,ERROR,ERROR,ERROR,ERROR,ERROR,ERROR,ERROR,ERROR,ERROR,ERROR,ERROR,ERROR,ERROR,ERROR,ERROR,ERROR,ERROR,ERROR,GOTO S19 NoSem,ERROR,ERROR,ERROR,ERROR,ERROR,ERROR,ERROR,ERROR,ERROR,ERROR,ERROR,ERROR,ERROR,ERROR
19,ERROR,ERROR,ERROR,ERROR,ERROR,ERROR,ERROR,ERROR,ERROR,ERROR,ERROR,ERROR,ERROR,ERROR,ERROR,ERROR,ERROR,ERROR,ERROR,ERROR,ERROR,ERROR,ERROR,ERROR,ERROR,ERROR,ERROR,ERROR,ERROR,SHIFT S22 NoSem,ERROR,ERROR,ERROR,ERROR,ERROR,ERROR,ERROR,SHIFT S20 NoSem,ERROR,ERROR,ERROR,ERROR,ERROR,ERROR,ERROR,ERROR,ERROR,ERROR,ERROR,ERROR,ERROR,ERROR,ERROR,ERROR,ERROR,ERROR,ERROR,ERROR,ERROR,ERROR,ERROR,ERROR,ERROR,ERROR,ERROR,ERROR,ERROR,ERROR,ERROR,ERROR,ERROR,ERROR,ERROR,ERROR,ERROR,ERROR,ERROR,ERROR,ERROR,ERROR,ERROR,ERROR,ERROR,ERROR
20,ERROR,ERROR,ERROR,ERROR,ERROR,ERROR,PUSH_GOTO S116 NoSem,PUSH_GOTO S116 NoSem,ERROR,ERROR,PUSH_GOTO S116 NoSem,ERROR,ERROR,PUSH_GOTO S116 NoSem,ERROR,ERROR,ERROR,ERROR,ERROR,ERROR,PUSH_GOTO S116 NoSem,ERROR,ERROR,ERROR,ERROR,ERROR,ERROR,ERROR,ERROR,ERROR,ERROR,ERROR,PUSH_GOTO S116 NoSem,ERROR,ERROR,ERROR,PUSH_GOTO S116 NoSem,ERROR,ERROR,ERROR,ERROR,ERROR,PUSH_GOTO S116 NoSem,PUSH_GOTO S116 NoSem,ERROR,ERROR,ERROR,ERROR,ERROR,ERROR,ERROR,ERROR,ERROR,ERROR,ERROR,ERROR,ERROR,ERROR,ERROR,ERROR,ERROR,ERROR,ERROR,ERROR,ERROR,ERROR,ERROR,ERROR,ERROR,GOTO S21 NoSem,ERROR,ERROR,ERROR,ERROR,ERROR,ERROR,ERROR,ERROR,ERROR,ERROR,ERROR,ERROR,ERROR,ERROR
21,ERROR,ERROR,ERROR,ERROR,ERROR,ERROR,ERROR,ERROR,ERROR,ERROR,ERROR,ERROR,ERROR,ERROR,ERROR,ERROR,ERROR,ERROR,ERROR,ERROR,ERROR,ERROR,ERROR,ERROR,ERROR,ERROR,ERROR,ERROR,ERROR,SHIFT S22 NoSem,ERROR,ERROR,ERROR,ERROR,ERROR,ERROR,ERROR,SHIFT S20 NoSem,ERROR,ERROR,ERROR,ERROR,ERROR,ERROR,ERROR,ERROR,ERROR,ERROR,ERROR,ERROR,ERROR,ERROR,ERROR,ERROR,ERROR,ERROR,ERROR,ERROR,ERROR,ERROR,ERROR,ERROR,ERROR,ERROR,ERROR,ERROR,ERROR,ERROR,ERROR,ERROR,ERROR,ERROR,ERROR,ERROR,ERROR,ERROR,ERROR,ERROR,ERROR,ERROR,ERROR,ERROR,ERROR,ERROR
22,ERROR,ERROR,ERROR,ERROR,ERROR,ERROR,ERROR,ERROR,ERROR,ERROR,ERROR,ERROR,ERROR,ERROR,ERROR,ERROR,ERROR,ERROR,ERROR,ERROR,ERROR,ERROR,ERROR,ERROR,ERROR,ERROR,ERROR,ERROR,ERROR,ERROR,ERROR,ERROR,ERROR,ERROR,ERROR,ERROR,ERROR,ERROR,ERROR,ERROR,ERROR,ERROR,ERROR,ERROR,ERROR,ERROR,ERROR,ERROR,ERROR,ERROR,ERROR,ERROR,ERROR,ERROR,ERROR,ERROR,ERROR,ERROR,ERROR,ERROR,ERROR,ERROR,ERROR,ERROR,ERROR,ERROR,ERROR,ERROR,ERROR,ERROR,ERROR,ERROR,ERROR,ERROR,ERROR,ERROR,ERROR,ERROR,ERROR,ERROR,ERROR,ERROR,ERROR,ERROR
23,ERROR,ERROR,ERROR,ERROR,ERROR,ERROR,ERROR,ERROR,ERROR,ERROR,SHIFT S24 NoSem,ERROR,ERROR,ERROR,ERROR,ERROR,ERROR,ERROR,ERROR,ERROR,ERROR,ERROR,ERROR,ERROR,ERROR,ERROR,ERROR,ERROR,ERROR,ERROR,ERROR,ERROR,ERROR,ERROR,ERROR,ERROR,ERROR,ERROR,ERROR,ERROR,ERROR,ERROR,ERROR,ERROR,ERROR,ERROR,ERROR,ERROR,ERROR,ERROR,ERROR,ERROR,ERROR,ERROR,ERROR,ERROR,ERROR,ERROR,ERROR,ERROR,ERROR,ERROR,ERROR,ERROR,ERROR,ERROR,ERROR,ERROR,ERROR,ERROR,ERROR,ERROR,ERROR,ERROR,ERROR,ERROR,ERROR,ERROR,ERROR,ERROR,ERROR,ERROR,ERROR,ERROR
24,ERROR,ERROR,ERROR,SHIFT S25 NoSem,ERROR,ERROR,ERROR,ERROR,ERROR,ERROR,ERROR,ERROR,ERROR,ERROR,ERROR,ERROR,ERROR,ERROR,ERROR,ERROR,ERROR,ERROR,ERROR,ERROR,ERROR,ERROR,ERROR,ERROR,ERROR,REDUCE id,ERROR,ERROR,ERROR,ERROR,ERROR,ERROR,ERROR,REDUCE id,ERROR,ERROR,ERROR,ERROR,ERROR,ERROR,ERROR,ERROR,ERROR,ERROR,ERROR,ERROR,ERROR,ERROR,ERROR,ERROR,ERROR,ERROR,ERROR,ERROR,ERROR,ERROR,ERROR,ERROR,ERROR,ERROR,ERROR,ERROR,ERROR,ERROR,ERROR,ERROR,ERROR,ERROR,ERROR,ERROR,ERROR,ERROR,ERROR,ERROR,ERROR,ERROR,ERROR,ERROR,ERROR,ERROR
25,ERROR,ERROR,ERROR,ERROR,ERROR,ERROR,PUSH_GOTO S116 NoSem,PUSH_GOTO S116 NoSem,ERROR,ERROR,PUSH_GOTO S116 NoSem,ERROR,ERROR,PUSH_GOTO S116 NoSem,ERROR,ERROR,ERROR,ERROR,ERROR,ERROR,PUSH_GOTO S116 NoSem,ERROR,ERROR,ERROR,ERROR,ERROR,ERROR,ERROR,ERROR,ERROR,ERROR,ERROR,PUSH_GOTO S116 NoSem,ERROR,ERROR,ERROR,PUSH_GOTO S116 NoSem,ERROR,ERROR,ERROR,ERROR,ERROR,PUSH_GOTO S116 NoSem,PUSH_GOTO S116 NoSem,ERROR,ERROR,ERROR,ERROR,ERROR,ERROR,ERROR,ERROR,ERROR,ERROR,ERROR,ERROR,ERROR,ERROR,ERROR,ERROR,ERROR,ERROR,ERROR,ERROR,ERROR,ERROR,ERROR,ERROR,ERROR,GOTO S26 NoSem,ERROR,ERROR,ERROR,ERROR,ERROR,ERROR,ERROR,ERROR,ERROR,ERROR,ERROR,ERROR,ERROR,ERROR
26,ERROR,ERROR,ERROR,ERROR,ERROR,ERROR,ERROR,ERROR,ERROR,ERROR,ERROR,ERROR,ERROR,ERROR,ERROR,ERROR,ERROR,ERROR,ERROR,ERROR,ERROR,ERROR,ERROR,ERROR,ERROR,ERROR,ERROR,ERROR,ERROR,ERROR,ERROR,ERROR,ERROR,ERROR,ERROR,ERROR,ERROR,SHIFT S27 NoSem,ERROR,ERROR,ERROR,ERROR,ERROR,ERROR,SHIFT S24 NoSem,ERROR,ERROR,ERROR,ERROR,ERROR,ERROR,ERROR,ERROR,ERROR,ERROR,ERROR,ERROR,ERROR,ERROR,ERROR,ERROR,ERROR,ERROR,ERROR,ERROR,ERROR,ERROR,ERROR,ERROR,ERROR,ERROR,ERROR,ERROR,ERROR,ERROR,ERROR,ERROR,ERROR,ERROR,ERROR,ERROR,ERROR,ERROR,ERROR
27,ERROR,ERROR,ERROR,ERROR,ERROR,ERROR,PUSH_GOTO S116 NoSem,PUSH_GOTO S116 NoSem,ERROR,ERROR,PUSH_GOTO S116 NoSem,ERROR,ERROR,PUSH_GOTO S116 NoSem,ERROR,ERROR,ERROR,ERROR,ERROR,ERROR,PUSH_GOTO S116 NoSem,ERROR,ERROR,ERROR,ERROR,ERROR,ERROR,ERROR,ERROR,ERROR,ERROR,ERROR,PUSH_GOTO S116 NoSem,ERROR,ERROR,ERROR,PUSH_GOTO S116 NoSem,ERROR,ERROR,ERROR,ERROR,ERROR,PUSH_GOTO S116 NoSem,PUSH_GOTO S116 NoSem,ERROR,ERROR,ERROR,ERROR,ERROR,ERROR,ERROR,ERROR,ERROR,ERROR,ERROR,ERROR,ERROR,ERROR,ERROR,ERROR,ERROR,ERROR,ERROR,ERROR,ERROR,ERROR,ERROR,ERROR,ERROR,GOTO S28 NoSem,ERROR,ERROR,ERROR,ERROR,ERROR,ERROR,ERROR,ERROR,ERROR,ERROR,ERROR,ERROR,ERROR,ERROR
28,ERROR,ERROR,ERROR,ERROR,ERROR,ERROR,ERROR,ERROR,ERROR,ERROR,ERROR,ERROR,ERROR,ERROR,ERROR,ERROR,ERROR,ERROR,ERROR,ERROR,ERROR,ERROR,ERROR,ERROR,ERROR,ERROR,ERROR,ERROR,ERROR,ERROR,ERROR,ERROR,ERROR,ERROR,ERROR,ERROR,ERROR,SHIFT S27 NoSem,ERROR,ERROR,ERROR,ERROR,ERROR,ERROR,SHIFT S24 NoSem,ERROR,ERROR,ERROR,ERROR,ERROR,ERROR,ERROR,ERROR,ERROR,ERROR,ERROR,ERROR,ERROR,ERROR,ERROR,ERROR,ERROR,ERROR,ERROR,ERROR,ERROR,ERROR,ERROR,ERROR,ERROR,ERROR,ERROR,ERROR,ERROR,ERROR,ERROR,ERROR,ERROR,ERROR,ERROR,ERROR,ERROR,ERROR,ERROR
29,ERROR,ERROR,PUSH_GOTO S41 NoSem,ERROR,ERROR,ERROR,ERROR,ERROR,ERROR,ERROR,ERROR,ERROR,PUSH_GOTO S34 NoSem,ERROR,ERROR,ERROR,ERROR,ERROR,PUSH_GOTO S34 NoSem,ERROR,ERROR,ERROR,PUSH_GOTO S34 NoSem,ERROR,ERROR,ERROR,ERROR,ERROR,ERROR,ERROR,PUSH_GOTO S34 NoSem,ERROR,ERROR,ERROR,ERROR,ERROR,ERROR,ERROR,ERROR,ERROR,ERROR,ERROR,ERROR,ERROR,ERROR,ERROR,PUSH_GOTO S34 NoSem,ERROR,ERROR,ERROR,ERROR,ERROR,ERROR,ERROR,ERROR,ERROR,ERROR,ERROR,ERROR,ERROR,ERROR,ERROR,ERROR,ERROR,ERROR,ERROR,GOTO S30 NoSem,ERROR,ERROR,ERROR,ERROR,ERROR,ERROR,ERROR,ERROR,ERROR,ERROR,ERROR,ERROR,ERROR,ERROR,ERROR,ERROR,GOTO S31 NoSem
30,REDUCE VAR_DCL,ERROR,REDUCE VAR_DCL,ERROR,ERROR,ERROR,ERROR,ERROR,REDUCE VAR_DCL,ERROR,ERROR,ERROR,REDUCE VAR_DCL,ERROR,ERROR,ERROR,ERROR,REDUCE VAR_DCL,REDUCE VAR_DCL,ERROR,ERROR,ERROR,REDUCE VAR_DCL,ERROR,ERROR,ERROR,ERROR,ERROR,ERROR,REDUCE VAR_DCL,REDUCE VAR_DCL,ERROR,ERROR,ERROR,ERROR,ERROR,ERROR,ERROR,REDUCE VAR_DCL,ERROR,ERROR,ERROR,ERROR,ERROR,ERROR,ERROR,REDUCE VAR_DCL,ERROR,ERROR,ERROR,ERROR,ERROR,ERROR,ERROR,ERROR,ERROR,ERROR,ERROR,ERROR,ERROR,ERROR,ERROR,ERROR,ERROR,ERROR,ERROR,ERROR,ERROR,ERROR,ERROR,ERROR,ERROR,ERROR,ERROR,ERROR,ERROR,ERROR,ERROR,ERROR,ERROR,ERROR,ERROR,ERROR,ERROR
31,REDUCE VAR_DCL,ERROR,REDUCE VAR_DCL,ERROR,ERROR,ERROR,ERROR,ERROR,REDUCE VAR_DCL,ERROR,ERROR,ERROR,REDUCE VAR_DCL,ERROR,ERROR,ERROR,ERROR,REDUCE VAR_DCL,REDUCE VAR_DCL,ERROR,ERROR,ERROR,REDUCE VAR_DCL,ERROR,ERROR,ERROR,ERROR,ERROR,ERROR,REDUCE VAR_DCL,REDUCE VAR_DCL,ERROR,ERROR,ERROR,ERROR,ERROR,ERROR,ERROR,REDUCE VAR_DCL,ERROR,ERROR,ERROR,ERROR,ERROR,ERROR,ERROR,REDUCE VAR_DCL,ERROR,ERROR,ERROR,ERROR,ERROR,ERROR,ERROR,ERROR,ERROR,ERROR,ERROR,ERROR,ERROR,ERROR,ERROR,ERROR,ERROR,ERROR,ERROR,ERROR,ERROR,ERROR,ERROR,ERROR,ERROR,ERROR,ERROR,ERROR,ERROR,ERROR,ERROR,ERROR,ERROR,ERROR,ERROR,ERROR,ERROR
32,ERROR,ERROR,ERROR,ERROR,ERROR,ERROR,ERROR,ERROR,ERROR,ERROR,ERROR,ERROR,ERROR,ERROR,ERROR,ERROR,ERROR,ERROR,ERROR,ERROR,ERROR,ERROR,ERROR,ERROR,ERROR,ERROR,ERROR,ERROR,ERROR,ERROR,ERROR,ERROR,ERROR,ERROR,ERROR,ERROR,ERROR,ERROR,ERROR,ERROR,ERROR,SHIFT S29 NoSem,ERROR,ERROR,ERROR,ERROR,ERROR,ERROR,ERROR,ERROR,ERROR,ERROR,ERROR,ERROR,ERROR,ERROR,ERROR,ERROR,ERROR,ERROR,ERROR,ERROR,ERROR,ERROR,ERROR,ERROR,ERROR,ERROR,ERROR,ERROR,ERROR,ERROR,ERROR,ERROR,ERROR,ERROR,ERROR,ERROR,ERROR,ERROR,ERROR,ERROR,ERROR,ERROR
33,ERROR,ERROR,ERROR,ERROR,ERROR,ERROR,ERROR,ERROR,ERROR,ERROR,SHIFT S32 @push_new_id,ERROR,ERROR,ERROR,ERROR,ERROR,ERROR,ERROR,ERROR,ERROR,ERROR,ERROR,ERROR,ERROR,ERROR,ERROR,ERROR,ERROR,ERROR,ERROR,ERROR,ERROR,ERROR,ERROR,ERROR,ERROR,ERROR,ERROR,ERROR,ERROR,ERROR,ERROR,ERROR,ERROR,ERROR,ERROR,ERROR,ERROR,ERROR,ERROR,ERROR,ERROR,ERROR,ERROR,ERROR,ERROR,ERROR,ERROR,ERROR,ERROR,ERROR,ERROR,ERROR,ERROR,ERROR,ERROR,ERROR,ERROR,ERROR,ERROR,ERROR,ERROR,ERROR,ERROR,ERROR,ERROR,ERROR,ERROR,ERROR,ERROR,ERROR,ERROR,ERROR,ERROR
34,ERROR,ERROR,ERROR,ERROR,ERROR,ERROR,ERROR,ERROR,ERROR,ERROR,ERROR,ERROR,PUSH_GOTO S103 NoSem,ERROR,ERROR,ERROR,ERROR,ERROR,PUSH_GOTO S103 NoSem,ERROR,ERROR,ERROR,PUSH_GOTO S103 NoSem,ERROR,ERROR,ERROR,ERROR,ERROR,ERROR,ERROR,PUSH_GOTO S103 NoSem,ERROR,ERROR,ERROR,ERROR,ERROR,ERROR,ERROR,ERROR,ERROR,ERROR,ERROR,ERROR,ERROR,ERROR,ERROR,PUSH_GOTO S103 NoSem,ERROR,ERROR,ERROR,ERROR,ERROR,ERROR,ERROR,ERROR,ERROR,ERROR,ERROR,ERROR,ERROR,ERROR,ERROR,ERROR,ERROR,ERROR,ERROR,ERROR,ERROR,ERROR,ERROR,ERROR,ERROR,ERROR,GOTO S35 @var_dcl_simple,ERROR,ERROR,ERROR,ERROR,ERROR,ERROR,ERROR,ERROR,ERROR,ERROR
35,REDUCE SIMPLE_VAR,ERROR,REDUCE SIMPLE_VAR,ERROR,ERROR,ERROR,ERROR,ERROR,REDUCE SIMPLE_VAR,ERROR,ERROR,ERROR,REDUCE SIMPLE_VAR,ERROR,ERROR,ERROR,ERROR,REDUCE SIMPLE_VAR,REDUCE SIMPLE_VAR,ERROR,ERROR,ERROR,REDUCE SIMPLE_VAR,ERROR,ERROR,ERROR,ERROR,ERROR,PUSH_GOTO S48 NoSem,REDUCE SIMPLE_VAR,REDUCE SIMPLE_VAR,ERROR,ERROR,ERROR,ERROR,ERROR,ERROR,ERROR,REDUCE SIMPLE_VAR,ERROR,ERROR,ERROR,ERROR,ERROR,ERROR,ERROR,REDUCE SIMPLE_VAR,ERROR,ERROR,ERROR,ERROR,ERROR,ERROR,ERROR,ERROR,ERROR,ERROR,ERROR,ERROR,ERROR,ERROR,ERROR,ERROR,ERROR,ERROR,ERROR,ERROR,ERROR,ERROR,ERROR,GOTO S36 @assign_simple,ERROR,ERROR,ERROR,ERROR,ERROR,ERROR,ERROR,ERROR,ERROR,ERROR,ERROR,ERROR,ERROR
36,REDUCE SIMPLE_VAR,ERROR,REDUCE SIMPLE_VAR,ERROR,ERROR,ERROR,ERROR,ERROR,REDUCE SIMPLE_VAR,ERROR,ERROR,ERROR,REDUCE SIMPLE_VAR,ERROR,ERROR,ERROR,ERROR,REDUCE SIMPLE_VAR,REDUCE SIMPLE_VAR,ERROR,ERROR,ERROR,REDUCE SIMPLE_VAR,ERROR,ERROR,ERROR,ERROR,ERROR,ERROR,REDUCE SIMPLE_VAR,REDUCE SIMPLE_VAR,ERROR,ERROR,ERROR,ERROR,ERROR,ERROR,ERROR,REDUCE SIMPLE_VAR,ERROR,ERROR,ERROR,ERROR,ERROR,ERROR,ERROR,REDUCE SIMPLE_VAR,ERROR,ERROR,ERROR,ERROR,ERROR,ERROR,ERROR,ERROR,ERROR,ERROR,ERROR,ERROR,ERROR,ERROR,ERROR,ERROR,ERROR,ERROR,ERROR,ERROR,ERROR,ERROR,ERROR,ERROR,ERROR,ERROR,ERROR,ERROR,ERROR,ERROR,ERROR,ERROR,ERROR,ERROR,ERROR,ERROR,ERROR
37,ERROR,ERROR,ERROR,PUSH_GOTO S42 NoSem,ERROR,ERROR,ERROR,ERROR,ERROR,ERROR,ERROR,ERROR,ERROR,ERROR,ERROR,ERROR,ERROR,ERROR,ERROR,ERROR,ERROR,ERROR,ERROR,ERROR,ERROR,ERROR,ERROR,ERROR,ERROR,ERROR,ERROR,ERROR,ERROR,ERROR,ERROR,ERROR,ERROR,ERROR,ERROR,ERROR,ERROR,ERROR,ERROR,ERROR,ERROR,ERROR,ERROR,ERROR,ERROR,ERROR,ERROR,ERROR,ERROR,ERROR,ERROR,ERROR,ERROR,ERROR,ERROR,ERROR,ERROR,ERROR,ERROR,ERROR,ERROR,ERROR,ERROR,ERROR,ERROR,ERROR,ERROR,ERROR,ERROR,ERROR,ERROR,ERROR,ERROR,ERROR,GOTO S38 NoSem,ERROR,ERROR,ERROR,ERROR,ERROR
38,ERROR,ERROR,ERROR,ERROR,ERROR,ERROR,ERROR,ERROR,ERROR,ERROR,ERROR,ERROR,ERROR,ERROR,ERROR,ERROR,ERROR,ERROR,ERROR,ERROR,ERROR,ERROR,ERROR,ERROR,ERROR,ERROR,ERROR,ERROR,ERROR,ERROR,ERROR,ERROR,ERROR,ERROR,ERROR,SHIFT S39 NoSem,ERROR,ERROR,ERROR,ERROR,ERROR,ERROR,ERROR,ERROR,ERROR,ERROR,ERROR,ERROR,ERROR,ERROR,ERROR,ERROR,ERROR,ERROR,ERROR,ERROR,ERROR,ERROR,ERROR,ERROR,ERROR,ERROR,ERROR,ERROR,ERROR,ERROR,ERROR,ERROR,ERROR,ERROR,ERROR,ERROR,ERROR,ERROR,ERROR,ERROR,ERROR,ERROR,ERROR,ERROR,ERROR,ERROR,ERROR,ERROR
39,ERROR,ERROR,ERROR,ERROR,ERROR,ERROR,ERROR,ERROR,ERROR,ERROR,ERROR,ERROR,PUSH_GOTO S103 NoSem,ERROR,ERROR,ERROR,ERROR,ERROR,PUSH_GOTO S103 NoSem,ERROR,ERROR,ERROR,PUSH_GOTO S103 NoSem,ERROR,ERROR,ERROR,ERROR,ERROR,ERROR,ERROR,PUSH_GOTO S103 NoSem,ERROR,ERROR,ERROR,ERROR,ERROR,ERROR,ERROR,ERROR,ERROR,ERROR,ERROR,ERROR,ERROR,ERROR,ERROR,PUSH_GOTO S103 NoSem,ERROR,ERROR,ERROR,ERROR,ERROR,ERROR,ERROR,ERROR,ERROR,ERROR,ERROR,ERROR,ERROR,ERROR,ERROR,ERROR,ERROR,ERROR,ERROR,ERROR,ERROR,ERROR,ERROR,ERROR,ERROR,ERROR,GOTO S40 NoSem,ERROR,ERROR,ERROR,ERROR,ERROR,ERROR,ERROR,ERROR,ERROR,ERROR
40,REDUCE ARRAY_VAR,ERROR,REDUCE ARRAY_VAR,ERROR,ERROR,ERROR,ERROR,ERROR,REDUCE ARRAY_VAR,ERROR,ERROR,ERROR,REDUCE ARRAY_VAR,ERROR,ERROR,ERROR,ERROR,REDUCE ARRAY_VAR,REDUCE ARRAY_VAR,ERROR,ERROR,ERROR,REDUCE ARRAY_VAR,ERROR,ERROR,ERROR,ERROR,ERROR,ERROR,REDUCE ARRAY_VAR,REDUCE ARRAY_VAR,ERROR,ERROR,ERROR,ERROR,ERROR,ERROR,ERROR,REDUCE ARRAY_VAR,ERROR,ERROR,ERROR,ERROR,ERROR,ERROR,ERROR,REDUCE ARRAY_VAR,ERROR,ERROR,ERROR,ERROR,ERROR,ERROR,ERROR,ERROR,ERROR,ERROR,ERROR,ERROR,ERROR,ERROR,ERROR,ERROR,ERROR,ERROR,ERROR,ERROR,ERROR,ERROR,ERROR,ERROR,ERROR,ERROR,ERROR,ERROR,ERROR,ERROR,ERROR,ERROR,ERROR,ERROR,ERROR,ERROR,ERROR
41,ERROR,ERROR,SHIFT S37 NoSem,ERROR,ERROR,ERROR,ERROR,ERROR,ERROR,ERROR,ERROR,ERROR,ERROR,ERROR,ERROR,ERROR,ERROR,ERROR,ERROR,ERROR,ERROR,ERROR,ERROR,ERROR,ERROR,ERROR,ERROR,ERROR,ERROR,ERROR,ERROR,ERROR,ERROR,ERROR,ERROR,ERROR,ERROR,ERROR,ERROR,ERROR,ERROR,ERROR,ERROR,ERROR,ERROR,ERROR,ERROR,ERROR,ERROR,ERROR,ERROR,ERROR,ERROR,ERROR,ERROR,ERROR,ERROR,ERROR,ERROR,ERROR,ERROR,ERROR,ERROR,ERROR,ERROR,ERROR,ERROR,ERROR,ERROR,ERROR,ERROR,ERROR,ERROR,ERROR,ERROR,ERROR,ERROR,ERROR,ERROR,ERROR,ERROR,ERROR,ERROR,ERROR
42,ERROR,ERROR,ERROR,SHIFT S43 NoSem,ERROR,ERROR,ERROR,ERROR,ERROR,ERROR,ERROR,ERROR,ERROR,ERROR,ERROR,ERROR,ERROR,ERROR,ERROR,ERROR,ERROR,ERROR,ERROR,ERROR,ERROR,ERROR,ERROR,ERROR,ERROR,ERROR,ERROR,ERROR,ERROR,ERROR,ERROR,ERROR,ERROR,ERROR,ERROR,ERROR,ERROR,ERROR,ERROR,ERROR,ERROR,ERROR,ERROR,ERROR,ERROR,ERROR,ERROR,ERROR,ERROR,ERROR,ERROR,ERROR,ERROR,ERROR,ERROR,ERROR,ERROR,ERROR,ERROR,ERROR,ERROR,ERROR,ERROR,ERROR,ERROR,ERROR,ERROR,ERROR,ERROR,ERROR,ERROR,ERROR,ERROR,ERROR,ERROR,ERROR,ERROR,ERROR,ERROR,ERROR
43,ERROR,ERROR,ERROR,ERROR,ERROR,ERROR,ERROR,ERROR,ERROR,ERROR,ERROR,ERROR,ERROR,ERROR,ERROR,ERROR,ERROR,ERROR,ERROR,ERROR,ERROR,ERROR,ERROR,ERROR,ERROR,ERROR,ERROR,ERROR,ERROR,ERROR,ERROR,ERROR,SHIFT S44 NoSem,ERROR,ERROR,ERROR,ERROR,ERROR,ERROR,ERROR,ERROR,ERROR,ERROR,ERROR,ERROR,ERROR,ERROR,ERROR,ERROR,ERROR,ERROR,ERROR,ERROR,ERROR,ERROR,ERROR,ERROR,ERROR,ERROR,ERROR,ERROR,ERROR,ERROR,ERROR,ERROR,ERROR,ERROR,ERROR,ERROR,ERROR,ERROR,ERROR,ERROR,ERROR,ERROR,ERROR,ERROR,ERROR,ERROR,ERROR,ERROR,ERROR,ERROR,ERROR
44,ERROR,ERROR,ERROR,ERROR,ERROR,ERROR,ERROR,ERROR,ERROR,ERROR,ERROR,ERROR,ERROR,ERROR,ERROR,ERROR,ERROR,ERROR,ERROR,ERROR,ERROR,ERROR,ERROR,ERROR,ERROR,ERROR,ERROR,ERROR,ERROR,ERROR,ERROR,ERROR,ERROR,ERROR,ERROR,ERROR,ERROR,SHIFT S45 NoSem,ERROR,ERROR,ERROR,ERROR,ERROR,ERROR,SHIFT S46 NoSem,ERROR,ERROR,ERROR,ERROR,ERROR,ERROR,ERROR,ERROR,ERROR,ERROR,ERROR,ERROR,ERROR,ERROR,ERROR,ERROR,ERROR,ERROR,ERROR,ERROR,ERROR,ERROR,ERROR,ERROR,ERROR,ERROR,ERROR,ERROR,ERROR,ERROR,ERROR,ERROR,ERROR,ERROR,ERROR,ERROR,ERROR,ERROR,ERROR
45,ERROR,ERROR,ERROR,ERROR,ERROR,ERROR,ERROR,ERROR,ERROR,ERROR,ERROR,ERROR,ERROR,ERROR,ERROR,ERROR,ERROR,ERROR,ERROR,ERROR,ERROR,ERROR,ERROR,ERROR,ERROR,ERROR,ERROR,ERROR,ERROR,ERROR,ERROR,ERROR,SHIFT S47 NoSem,ERROR,ERROR,ERROR,ERROR,ERROR,ERROR,ERROR,ERROR,ERROR,ERROR,ERROR,ERROR,ERROR,ERROR,ERROR,ERROR,ERROR,ERROR,ERROR,ERROR,ERROR,ERROR,ERROR,ERROR,ERROR,ERROR,ERROR,ERROR,ERROR,ERROR,ERROR,ERROR,ERROR,ERROR,ERROR,ERROR,ERROR,ERROR,ERROR,ERROR,ERROR,ERROR,ERROR,ERROR,ERROR,ERROR,ERROR,ERROR,ERROR,ERROR,ERROR
46,ERROR,ERROR,ERROR,ERROR,ERROR,ERROR,ERROR,ERROR,ERROR,ERROR,ERROR,ERROR,ERROR,ERROR,ERROR,ERROR,ERROR,ERROR,ERROR,ERROR,ERROR,ERROR,ERROR,ERROR,ERROR,ERROR,ERROR,ERROR,ERROR,ERROR,ERROR,ERROR,ERROR,ERROR,ERROR,REDUCE ARRAY_DIMENSION,ERROR,ERROR,ERROR,ERROR,ERROR,ERROR,ERROR,ERROR,ERROR,ERROR,ERROR,ERROR,ERROR,ERROR,ERROR,ERROR,ERROR,ERROR,ERROR,ERROR,ERROR,ERROR,ERROR,ERROR,ERROR,ERROR,ERROR,ERROR,ERROR,ERROR,ERROR,ERROR,ERROR,ERROR,ERROR,ERROR,ERROR,ERROR,ERROR,ERROR,ERROR,ERROR,ERROR,ERROR,ERROR,ERROR,ERROR,ERROR
47,ERROR,ERROR,ERROR,ERROR,ERROR,ERROR,ERROR,ERROR,ERROR,ERROR,ERROR,ERROR,ERROR,ERROR,ERROR,ERROR,ERROR,ERROR,ERROR,ERROR,ERROR,ERROR,ERROR,ERROR,ERROR,ERROR,ERROR,ERROR,ERROR,ERROR,ERROR,ERROR,ERROR,ERROR,ERROR,ERROR,ERROR,SHIFT S45 NoSem,ERROR,ERROR,ERROR,ERROR,ERROR,ERROR,SHIFT S46 NoSem,ERROR,ERROR,ERROR,ERROR,ERROR,ERROR,ERROR,ERROR,ERROR,ERROR,ERROR,ERROR,ERROR,ERROR,ERROR,ERROR,ERROR,ERROR,ERROR,ERROR,ERROR,ERROR,ERROR,ERROR,ERROR,ERROR,ERROR,ERROR,ERROR,ERROR,ERROR,ERROR,ERROR,ERROR,ERROR,ERROR,ERROR,ERROR,ERROR
48,ERROR,ERROR,ERROR,ERROR,ERROR,ERROR,ERROR,ERROR,ERROR,ERROR,ERROR,ERROR,ERROR,ERROR,ERROR,ERROR,ERROR,ERROR,ERROR,ERROR,ERROR,ERROR,ERROR,ERROR,ERROR,ERROR,ERROR,ERROR,SHIFT S49 NoSem,ERROR,ERROR,ERROR,ERROR,ERROR,ERROR,ERROR,ERROR,ERROR,ERROR,ERROR,ERROR,ERROR,ERROR,ERROR,ERROR,ERROR,ERROR,ERROR,ERROR,ERROR,ERROR,ERROR,ERROR,ERROR,ERROR,ERROR,ERROR,ERROR,ERROR,ERROR,ERROR,ERROR,ERROR,ERROR,ERROR,ERROR,ERROR,ERROR,ERROR,ERROR,ERROR,ERROR,ERROR,ERROR,ERROR,ERROR,ERROR,ERROR,ERROR,ERROR,ERROR,ERROR,ERROR,ERROR
49,ERROR,ERROR,ERROR,ERROR,ERROR,ERROR,PUSH_GOTO S116 NoSem,PUSH_GOTO S116 NoSem,ERROR,ERROR,PUSH_GOTO S116 NoSem,ERROR,ERROR,PUSH_GOTO S116 NoSem,ERROR,ERROR,ERROR,ERROR,ERROR,ERROR,PUSH_GOTO S116 NoSem,ERROR,ERROR,ERROR,ERROR,ERROR,ERROR,ERROR,ERROR,ERROR,ERROR,ERROR,PUSH_GOTO S116 NoSem,ERROR,ERROR,ERROR,PUSH_GOTO S116 NoSem,ERROR,ERROR,ERROR,ERROR,ERROR,PUSH_GOTO S116 NoSem,PUSH_GOTO S116 NoSem,ERROR,ERROR,ERROR,ERROR,ERROR,ERROR,ERROR,ERROR,ERROR,ERROR,ERROR,ERROR,ERROR,ERROR,ERROR,ERROR,ERROR,ERROR,ERROR,ERROR,ERROR,ERROR,ERROR,ERROR,ERROR,GOTO S50 @assign,ERROR,ERROR,ERROR,ERROR,ERROR,ERROR,ERROR,ERROR,ERROR,ERROR,ERROR,ERROR,ERROR,ERROR
50,REDUCE ASSIGNMENT,ERROR,REDUCE ASSIGNMENT,ERROR,ERROR,ERROR,ERROR,ERROR,REDUCE ASSIGNMENT,ERROR,ERROR,ERROR,REDUCE ASSIGNMENT,ERROR,ERROR,ERROR,ERROR,REDUCE ASSIGNMENT,REDUCE ASSIGNMENT,ERROR,ERROR,ERROR,REDUCE ASSIGNMENT,ERROR,ERROR,ERROR,ERROR,ERROR,ERROR,REDUCE ASSIGNMENT,REDUCE ASSIGNMENT,ERROR,ERROR,ERROR,ERROR,ERROR,ERROR,ERROR,REDUCE ASSIGNMENT,ERROR,ERROR,ERROR,ERROR,ERROR,ERROR,ERROR,REDUCE ASSIGNMENT,ERROR,ERROR,ERROR,ERROR,ERROR,ERROR,ERROR,ERROR,ERROR,ERROR,ERROR,ERROR,ERROR,ERROR,ERROR,ERROR,ERROR,ERROR,ERROR,ERROR,ERROR,ERROR,ERROR,ERROR,ERROR,ERROR,ERROR,ERROR,ERROR,ERROR,ERROR,ERROR,ERROR,ERROR,ERROR,ERROR,ERROR
51,ERROR,ERROR,ERROR,ERROR,ERROR,ERROR,ERROR,SHIFT S52 NoSem,ERROR,ERROR,ERROR,ERROR,ERROR,ERROR,ERROR,ERROR,ERROR,ERROR,ERROR,ERROR,ERROR,ERROR,ERROR,ERROR,ERROR,ERROR,ERROR,ERROR,ERROR,ERROR,ERROR,ERROR,ERROR,ERROR,ERROR,ERROR,ERROR,ERROR,ERROR,ERROR,ERROR,ERROR,ERROR,ERROR,ERROR,ERROR,ERROR,ERROR,ERROR,ERROR,ERROR,ERROR,ERROR,ERROR,ERROR,ERROR,ERROR,ERROR,ERROR,ERROR,ERROR,ERROR,ERROR,ERROR,ERROR,ERROR,ERROR,ERROR,ERROR,ERROR,ERROR,ERROR,ERROR,ERROR,ERROR,ERROR,ERROR,ERROR,ERROR,ERROR,ERROR,ERROR,ERROR,ERROR
52,ERROR,ERROR,ERROR,ERROR,ERROR,ERROR,PUSH_GOTO S116 NoSem,PUSH_GOTO S116 NoSem,ERROR,ERROR,PUSH_GOTO S116 NoSem,ERROR,ERROR,PUSH_GOTO S116 NoSem,ERROR,ERROR,ERROR,ERROR,ERROR,ERROR,PUSH_GOTO S116 NoSem,ERROR,ERROR,ERROR,ERROR,ERROR,ERROR,ERROR,ERROR,ERROR,ERROR,ERROR,PUSH_GOTO S116 NoSem,ERROR,ERROR,ERROR,PUSH_GOTO S116 NoSem,ERROR,ERROR,ERROR,ERROR,ERROR,PUSH_GOTO S116 NoSem,PUSH_GOTO S116 NoSem,ERROR,ERROR,ERROR,ERROR,ERROR,ERROR,ERROR,ERROR,ERROR,ERROR,ERROR,ERROR,ERROR,ERROR,ERROR,ERROR,ERROR,ERROR,ERROR,ERROR,ERROR,ERROR,ERROR,ERROR,ERROR,GOTO S53 NoSem,ERROR,ERROR,ERROR,ERROR,ERROR,ERROR,ERROR,ERROR,ERROR,ERROR,ERROR,ERROR,ERROR,ERROR
53,ERROR,ERROR,ERROR,ERROR,ERROR,ERROR,ERROR,ERROR,ERROR,ERROR,ERROR,ERROR,ERROR,ERROR,ERROR,ERROR,ERROR,ERROR,ERROR,ERROR,ERROR,ERROR,ERROR,ERROR,ERROR,ERROR,ERROR,ERROR,ERROR,SHIFT S54 NoSem,ERROR,ERROR,ERROR,ERROR,ERROR,ERROR,ERROR,SHIFT S55 NoSem,ERROR,ERROR,ERROR,ERROR,ERROR,ERROR,ERROR,ERROR,ERROR,ERROR,ERROR,ERROR,ERROR,ERROR,ERROR,ERROR,ERROR,ERROR,ERROR,ERROR,ERROR,ERROR,ERROR,ERROR,ERROR,ERROR,ERROR,ERROR,ERROR,ERROR,ERROR,ERROR,ERROR,ERROR,ERROR,ERROR,ERROR,ERROR,ERROR,ERROR,ERROR,ERROR,ERROR,ERROR,ERROR,ERROR
54,ERROR,ERROR,ERROR,ERROR,ERROR,ERROR,ERROR,ERROR,REDUCE BULK_ASSIGNMENT,ERROR,ERROR,ERROR,ERROR,ERROR,ERROR,ERROR,ERROR,ERROR,ERROR,ERROR,ERROR,ERROR,ERROR,ERROR,ERROR,ERROR,ERROR,ERROR,ERROR,ERROR,ERROR,ERROR,ERROR,ERROR,ERROR,ERROR,ERROR,ERROR,ERROR,ERROR,ERROR,ERROR,ERROR,ERROR,ERROR,ERROR,ERROR,ERROR,ERROR,ERROR,ERROR,ERROR,ERROR,ERROR,ERROR,ERROR,ERROR,ERROR,ERROR,ERROR,ERROR,ERROR,ERROR,ERROR,ERROR,ERROR,ERROR,ERROR,ERROR,ERROR,ERROR,ERROR,ERROR,ERROR,ERROR,ERROR,ERROR,ERROR,ERROR,ERROR,ERROR,ERROR,ERROR,ERROR
55,ERROR,ERROR,ERROR,ERROR,ERROR,ERROR,PUSH_GOTO S116 NoSem,PUSH_GOTO S116 NoSem,ERROR,ERROR,PUSH_GOTO S116 NoSem,ERROR,ERROR,PUSH_GOTO S116 NoSem,ERROR,ERROR,ERROR,ERROR,ERROR,ERROR,PUSH_GOTO S116 NoSem,ERROR,ERROR,ERROR,ERROR,ERROR,ERROR,ERROR,ERROR,ERROR,ERROR,ERROR,PUSH_GOTO S116 NoSem,ERROR,ERROR,ERROR,PUSH_GOTO S116 NoSem,ERROR,ERROR,ERROR,ERROR,ERROR,PUSH_GOTO S116 NoSem,PUSH_GOTO S116 NoSem,ERROR,ERROR,ERROR,ERROR,ERROR,ERROR,ERROR,ERROR,ERROR,ERROR,ERROR,ERROR,ERROR,ERROR,ERROR,ERROR,ERROR,ERROR,ERROR,ERROR,ERROR,ERROR,ERROR,ERROR,ERROR,GOTO S56 NoSem,ERROR,ERROR,ERROR,ERROR,ERROR,ERROR,ERROR,ERROR,ERROR,ERROR,ERROR,ERROR,ERROR,ERROR
56,ERROR,ERROR,ERROR,ERROR,ERROR,ERROR,ERROR,ERROR,ERROR,ERROR,ERROR,ERROR,ERROR,ERROR,ERROR,ERROR,ERROR,ERROR,ERROR,ERROR,ERROR,ERROR,ERROR,ERROR,ERROR,ERROR,ERROR,ERROR,ERROR,SHIFT S54 NoSem,ERROR,ERROR,ERROR,ERROR,ERROR,ERROR,ERROR,SHIFT S55 NoSem,ERROR,ERROR,ERROR,ERROR,ERROR,ERROR,ERROR,ERROR,ERROR,ERROR,ERROR,ERROR,ERROR,ERROR,ERROR,ERROR,ERROR,ERROR,ERROR,ERROR,ERROR,ERROR,ERROR,ERROR,ERROR,ERROR,ERROR,ERROR,ERROR,ERROR,ERROR,ERROR,ERROR,ERROR,ERROR,ERROR,ERROR,ERROR,ERROR,ERROR,ERROR,ERROR,ERROR,ERROR,ERROR,ERROR
57,ERROR,ERROR,ERROR,ERROR,ERROR,ERROR,ERROR,ERROR,ERROR,ERROR,ERROR,ERROR,ERROR,ERROR,ERROR,ERROR,ERROR,SHIFT S58 NoSem,ERROR,ERROR,ERROR,ERROR,ERROR,ERROR,ERROR,ERROR,ERROR,ERROR,ERROR,ERROR,ERROR,ERROR,ERROR,ERROR,ERROR,ERROR,ERROR,ERROR,ERROR,ERROR,ERROR,ERROR,ERROR,ERROR,ERROR,ERROR,ERROR,ERROR,ERROR,ERROR,ERROR,ERROR,ERROR,ERROR,ERROR,ERROR,ERROR,ERROR,ERROR,ERROR,ERROR,ERROR,ERROR,ERROR,ERROR,ERROR,ERROR,ERROR,ERROR,ERROR,ERROR,ERROR,ERROR,ERROR,ERROR,ERROR,ERROR,ERROR,ERROR,ERROR,ERROR,ERROR,ERROR,ERROR
58,ERROR,ERROR,ERROR,ERROR,ERROR,ERROR,ERROR,ERROR,ERROR,ERROR,SHIFT S59 NoSem,ERROR,ERROR,ERROR,ERROR,ERROR,ERROR,ERROR,ERROR,ERROR,ERROR,ERROR,ERROR,ERROR,ERROR,ERROR,ERROR,ERROR,ERROR,ERROR,ERROR,ERROR,ERROR,ERROR,ERROR,ERROR,ERROR,ERROR,ERROR,ERROR,ERROR,ERROR,ERROR,ERROR,ERROR,ERROR,ERROR,ERROR,ERROR,ERROR,ERROR,ERROR,ERROR,ERROR,ERROR,ERROR,ERROR,ERROR,ERROR,ERROR,ERROR,ERROR,ERROR,ERROR,ERROR,ERROR,ERROR,ERROR,ERROR,ERROR,ERROR,ERROR,ERROR,ERROR,ERROR,ERROR,ERROR,ERROR,ERROR,ERROR,ERROR,ERROR,ERROR,ERROR
59,ERROR,ERROR,ERROR,ERROR,ERROR,ERROR,ERROR,SHIFT S60 NoSem,ERROR,ERROR,ERROR,ERROR,ERROR,ERROR,ERROR,ERROR,ERROR,ERROR,ERROR,ERROR,ERROR,ERROR,ERROR,ERROR,ERROR,ERROR,ERROR,ERROR,ERROR,ERROR,ERROR,ERROR,ERROR,ERROR,ERROR,ERROR,ERROR,ERROR,ERROR,ERROR,ERROR,ERROR,ERROR,ERROR,ERROR,ERROR,ERROR,ERROR,ERROR,ERROR,ERROR,ERROR,ERROR,ERROR,ERROR,ERROR,ERROR,ERROR,ERROR,ERROR,ERROR,ERROR,ERROR,ERROR,ERROR,ERROR,ERROR,ERROR,ERROR,ERROR,ERROR,ERROR,ERROR,ERROR,ERROR,ERROR,ERROR,ERROR,ERROR,ERROR,ERROR,ERROR,ERROR,ERROR
60,ERROR,ERROR,PUSH_GOTO S73 NoSem,ERROR,ERROR,ERROR,ERROR,ERROR,ERROR,ERROR,ERROR,ERROR,PUSH_GOTO S73 NoSem,ERROR,ERROR,ERROR,ERROR,ERROR,PUSH_GOTO S73 NoSem,ERROR,ERROR,ERROR,PUSH_GOTO S73 NoSem,ERROR,ERROR,ERROR,ERROR,ERROR,ERROR,SHIFT S61 NoSem,PUSH_GOTO S73 NoSem,ERROR,ERROR,ERROR,ERROR,ERROR,ERROR,ERROR,ERROR,ERROR,ERROR,ERROR,ERROR,ERROR,ERROR,ERROR,PUSH_GOTO S73 NoSem,ERROR,ERROR,ERROR,ERROR,ERROR,ERROR,ERROR,ERROR,ERROR,ERROR,ERROR,ERROR,ERROR,ERROR,ERROR,ERROR,ERROR,ERROR,ERROR,ERROR,ERROR,ERROR,ERROR,ERROR,ERROR,ERROR,ERROR,ERROR,ERROR,ERROR,ERROR,ERROR,ERROR,ERROR,GOTO S65 NoSem,ERROR,ERROR
61,ERROR,ERROR,ERROR,ERROR,ERROR,ERROR,ERROR,ERROR,ERROR,ERROR,ERROR,ERROR,ERROR,ERROR,ERROR,ERROR,ERROR,ERROR,ERROR,ERROR,ERROR,ERROR,ERROR,ERROR,ERROR,ERROR,ERROR,ERROR,ERROR,ERROR,ERROR,ERROR,ERROR,ERROR,ERROR,ERROR,ERROR,ERROR,ERROR,ERROR,ERROR,SHIFT S62 NoSem,ERROR,ERROR,ERROR,ERROR,ERROR,ERROR,ERROR,ERROR,ERROR,ERROR,ERROR,ERROR,ERROR,ERROR,ERROR,ERROR,ERROR,ERROR,ERROR,ERROR,ERROR,ERROR,ERROR,ERROR,ERROR,ERROR,ERROR,ERROR,ERROR,ERROR,ERROR,ERROR,ERROR,ERROR,ERROR,ERROR,ERROR,ERROR,ERROR,ERROR,ERROR,ERROR
62,ERROR,ERROR,ERROR,ERROR,ERROR,ERROR,ERROR,ERROR,ERROR,ERROR,ERROR,ERROR,PUSH_GOTO S103 NoSem,ERROR,ERROR,ERROR,ERROR,ERROR,PUSH_GOTO S103 NoSem,ERROR,ERROR,ERROR,PUSH_GOTO S103 NoSem,ERROR,ERROR,ERROR,ERROR,ERROR,ERROR,ERROR,PUSH_GOTO S103 NoSem,ERROR,ERROR,ERROR,ERROR,ERROR,ERROR,ERROR,ERROR,ERROR,ERROR,ERROR,ERROR,ERROR,ERROR,ERROR,PUSH_GOTO S103 NoSem,ERROR,ERROR,ERROR,ERROR,ERROR,ERROR,ERROR,ERROR,ERROR,ERROR,ERROR,ERROR,ERROR,ERROR,ERROR,ERROR,ERROR,ERROR,ERROR,ERROR,ERROR,ERROR,ERROR,ERROR,ERROR,ERROR,GOTO S63 NoSem,ERROR,ERROR,ERROR,ERROR,ERROR,ERROR,ERROR,ERROR,ERROR,ERROR
63,ERROR,ERROR,ERROR,ERROR,ERROR,ERROR,ERROR,ERROR,ERROR,ERROR,ERROR,ERROR,ERROR,ERROR,ERROR,ERROR,ERROR,ERROR,ERROR,ERROR,ERROR,ERROR,ERROR,ERROR,ERROR,ERROR,ERROR,ERROR,ERROR,ERROR,ERROR,PUSH_GOTO S76 NoSem,ERROR,ERROR,ERROR,ERROR,ERROR,ERROR,ERROR,ERROR,ERROR,ERROR,ERROR,ERROR,ERROR,ERROR,ERROR,ERROR,ERROR,ERROR,ERROR,ERROR,ERROR,ERROR,ERROR,ERROR,ERROR,ERROR,ERROR,ERROR,ERROR,ERROR,ERROR,ERROR,ERROR,ERROR,ERROR,ERROR,ERROR,ERROR,ERROR,ERROR,ERROR,ERROR,ERROR,ERROR,GOTO S64 NoSem,ERROR,ERROR,ERROR,ERROR,ERROR,ERROR,ERROR
64,REDUCE FUNC_DEF,ERROR,REDUCE FUNC_DEF,ERROR,ERROR,ERROR,ERROR,ERROR,ERROR,ERROR,ERROR,ERROR,REDUCE FUNC_DEF,ERROR,ERROR,ERROR,ERROR,REDUCE FUNC_DEF,REDUCE FUNC_DEF,ERROR,ERROR,ERROR,REDUCE FUNC_DEF,ERROR,ERROR,ERROR,ERROR,ERROR,ERROR,ERROR,REDUCE FUNC_DEF,ERROR,ERROR,ERROR,ERROR,ERROR,ERROR,ERROR,REDUCE FUNC_DEF,ERROR,ERROR,ERROR,ERROR,ERROR,ERROR,ERROR,REDUCE FUNC_DEF,ERROR,ERROR,ERROR,ERROR,ERROR,ERROR,ERROR,ERROR,ERROR,ERROR,ERROR,ERROR,ERROR,ERROR,ERROR,ERROR,ERROR,ERROR,ERROR,ERROR,ERROR,ERROR,ERROR,ERROR,ERROR,ERROR,ERROR,ERROR,ERROR,ERROR,ERROR,ERROR,ERROR,ERROR,ERROR,ERROR,ERROR
65,ERROR,ERROR,ERROR,ERROR,ERROR,ERROR,ERROR,ERROR,ERROR,ERROR,ERROR,ERROR,ERROR,ERROR,ERROR,ERROR,ERROR,ERROR,ERROR,ERROR,ERROR,ERROR,ERROR,ERROR,ERROR,ERROR,ERROR,ERROR,ERROR,SHIFT S61 NoSem,ERROR,ERROR,ERROR,ERROR,ERROR,ERROR,ERROR,ERROR,ERROR,ERROR,ERROR,ERROR,ERROR,ERROR,ERROR,ERROR,ERROR,ERROR,ERROR,ERROR,ERROR,ERROR,ERROR,ERROR,ERROR,ERROR,ERROR,ERROR,ERROR,ERROR,ERROR,ERROR,ERROR,ERROR,ERROR,ERROR,ERROR,ERROR,ERROR,ERROR,ERROR,ERROR,ERROR,ERROR,ERROR,ERROR,ERROR,ERROR,ERROR,ERROR,ERROR,ERROR,ERROR,ERROR
66,ERROR,ERROR,ERROR,ERROR,ERROR,ERROR,ERROR,ERROR,ERROR,ERROR,ERROR,ERROR,ERROR,ERROR,ERROR,ERROR,ERROR,ERROR,ERROR,ERROR,ERROR,ERROR,ERROR,ERROR,ERROR,ERROR,ERROR,ERROR,ERROR,ERROR,ERROR,ERROR,ERROR,ERROR,ERROR,ERROR,ERROR,ERROR,SHIFT S67 NoSem,ERROR,ERROR,ERROR,ERROR,ERROR,ERROR,ERROR,ERROR,ERROR,ERROR,ERROR,ERROR,ERROR,ERROR,ERROR,ERROR,ERROR,ERROR,ERROR,ERROR,ERROR,ERROR,ERROR,ERROR,ERROR,ERROR,ERROR,ERROR,ERROR,ERROR,ERROR,ERROR,ERROR,ERROR,ERROR,ERROR,ERROR,ERROR,ERROR,ERROR,ERROR,ERROR,ERROR,ERROR,ERROR
67,ERROR,ERROR,ERROR,ERROR,ERROR,ERROR,ERROR,ERROR,ERROR,ERROR,SHIFT S68 NoSem,ERROR,ERROR,ERROR,ERROR,ERROR,ERROR,ERROR,ERROR,ERROR,ERROR,ERROR,ERROR,ERROR,ERROR,ERROR,ERROR,ERROR,ERROR,ERROR,ERROR,ERROR,ERROR,ERROR,ERROR,ERROR,ERROR,ERROR,ERROR,ERROR,ERROR,ERROR,ERROR,ERROR,ERROR,ERROR,ERROR,ERROR,ERROR,ERROR,ERROR,ERROR,ERROR,ERROR,ERROR,ERROR,ERROR,ERROR,ERROR,ERROR,ERROR,ERROR,ERROR,ERROR,ERROR,ERROR,ERROR,ERROR,ERROR,ERROR,ERROR,ERROR,ERROR,ERROR,ERROR,ERROR,ERROR,ERROR,ERROR,ERROR,ERROR,ERROR,ERROR,ERROR
68,ERROR,ERROR,ERROR,ERROR,ERROR,ERROR,ERROR,SHIFT S69 NoSem,ERROR,ERROR,ERROR,ERROR,ERROR,ERROR,ERROR,ERROR,ERROR,ERROR,ERROR,ERROR,ERROR,ERROR,ERROR,ERROR,ERROR,ERROR,ERROR,ERROR,ERROR,ERROR,ERROR,ERROR,ERROR,ERROR,ERROR,ERROR,ERROR,ERROR,ERROR,ERROR,ERROR,ERROR,ERROR,ERROR,ERROR,ERROR,ERROR,ERROR,ERROR,ERROR,ERROR,ERROR,ERROR,ERROR,ERROR,ERROR,ERROR,ERROR,ERROR,ERROR,ERROR,ERROR,ERROR,ERROR,ERROR,ERROR,ERROR,ERROR,ERROR,ERROR,ERROR,ERROR,ERROR,ERROR,ERROR,ERROR,ERROR,ERROR,ERROR,ERROR,ERROR,ERROR,ERROR,ERROR
69,ERROR,ERROR,PUSH_GOTO S73 NoSem,ERROR,ERROR,ERROR,ERROR,ERROR,ERROR,ERROR,ERROR,ERROR,PUSH_GOTO S73 NoSem,ERROR,ERROR,ERROR,ERROR,ERROR,PUSH_GOTO S73 NoSem,ERROR,ERROR,ERROR,PUSH_GOTO S73 NoSem,ERROR,ERROR,ERROR,ERROR,ERROR,ERROR,SHIFT S70 NoSem,PUSH_GOTO S73 NoSem,ERROR,ERROR,ERROR,ERROR,ERROR,ERROR,ERROR,ERROR,ERROR,ERROR,ERROR,ERROR,ERROR,ERROR,ERROR,PUSH_GOTO S73 NoSem,ERROR,ERROR,ERROR,ERROR,ERROR,ERROR,ERROR,ERROR,ERROR,ERROR,ERROR,ERROR,ERROR,ERROR,ERROR,ERROR,ERROR,ERROR,ERROR,ERROR,ERROR,ERROR,ERROR,ERROR,ERROR,ERROR,ERROR,ERROR,ERROR,ERROR,ERROR,ERROR,ERROR,ERROR,GOTO S71 NoSem,ERROR,ERROR
70,ERROR,ERROR,ERROR,ERROR,ERROR,ERROR,ERROR,ERROR,ERROR,ERROR,ERROR,ERROR,ERROR,ERROR,ERROR,ERROR,ERROR,ERROR,ERROR,ERROR,ERROR,ERROR,ERROR,ERROR,ERROR,ERROR,ERROR,ERROR,ERROR,ERROR,ERROR,PUSH_GOTO S76 NoSem,ERROR,ERROR,ERROR,ERROR,ERROR,ERROR,ERROR,ERROR,ERROR,ERROR,ERROR,ERROR,ERROR,ERROR,ERROR,ERROR,ERROR,ERROR,ERROR,ERROR,ERROR,ERROR,ERROR,ERROR,ERROR,ERROR,ERROR,ERROR,ERROR,ERROR,ERROR,ERROR,ERROR,ERROR,ERROR,ERROR,ERROR,ERROR,ERROR,ERROR,ERROR,ERROR,ERROR,ERROR,GOTO S72 NoSem,ERROR,ERROR,ERROR,ERROR,ERROR,ERROR,ERROR
71,ERROR,ERROR,ERROR,ERROR,ERROR,ERROR,ERROR,ERROR,ERROR,ERROR,ERROR,ERROR,ERROR,ERROR,ERROR,ERROR,ERROR,ERROR,ERROR,ERROR,ERROR,ERROR,ERROR,ERROR,ERROR,ERROR,ERROR,ERROR,ERROR,SHIFT S70 NoSem,ERROR,ERROR,ERROR,ERROR,ERROR,ERROR,ERROR,ERROR,ERROR,ERROR,ERROR,ERROR,ERROR,ERROR,ERROR,ERROR,ERROR,ERROR,ERROR,ERROR,ERROR,ERROR,ERROR,ERROR,ERROR,ERROR,ERROR,ERROR,ERROR,ERROR,ERROR,ERROR,ERROR,ERROR,ERROR,ERROR,ERROR,ERROR,ERROR,ERROR,ERROR,ERROR,ERROR,ERROR,ERROR,ERROR,ERROR,ERROR,ERROR,ERROR,ERROR,ERROR,ERROR,ERROR
72,REDUCE PROC_DEF,ERROR,REDUCE PROC_DEF,ERROR,ERROR,ERROR,ERROR,ERROR,ERROR,ERROR,ERROR,ERROR,REDUCE PROC_DEF,ERROR,ERROR,ERROR,ERROR,REDUCE PROC_DEF,REDUCE PROC_DEF,ERROR,ERROR,ERROR,REDUCE PROC_DEF,ERROR,ERROR,ERROR,ERROR,ERROR,ERROR,ERROR,REDUCE PROC_DEF,ERROR,ERROR,ERROR,ERROR,ERROR,ERROR,ERROR,REDUCE PROC_DEF,ERROR,ERROR,ERROR,ERROR,ERROR,ERROR,ERROR,REDUCE PROC_DEF,ERROR,ERROR,ERROR,ERROR,ERROR,ERROR,ERROR,ERROR,ERROR,ERROR,ERROR,ERROR,ERROR,ERROR,ERROR,ERROR,ERROR,ERROR,ERROR,ERROR,ERROR,ERROR,ERROR,ERROR,ERROR,ERROR,ERROR,ERROR,ERROR,ERROR,ERROR,ERROR,ERROR,ERROR,ERROR,ERROR,ERROR
73,ERROR,ERROR,PUSH_GOTO S29 NoSem,ERROR,ERROR,ERROR,ERROR,ERROR,ERROR,ERROR,ERROR,ERROR,PUSH_GOTO S29 NoSem,ERROR,ERROR,ERROR,ERROR,ERROR,PUSH_GOTO S29 NoSem,ERROR,ERROR,ERROR,PUSH_GOTO S29 NoSem,ERROR,ERROR,ERROR,ERROR,ERROR,ERROR,ERROR,PUSH_GOTO S29 NoSem,ERROR,ERROR,ERROR,ERROR,ERROR,ERROR,ERROR,ERROR,ERROR,ERROR,ERROR,ERROR,ERROR,ERROR,ERROR,PUSH_GOTO S29 NoSem,ERROR,ERROR,ERROR,ERROR,ERROR,ERROR,ERROR,ERROR,ERROR,ERROR,ERROR,ERROR,GOTO S74 NoSem,ERROR,ERROR,ERROR,ERROR,ERROR,ERROR,ERROR,ERROR,ERROR,ERROR,ERROR,ERROR,ERROR,ERROR,ERROR,ERROR,ERROR,ERROR,ERROR,ERROR,ERROR,ERROR,ERROR,ERROR
74,ERROR,ERROR,ERROR,ERROR,ERROR,ERROR,ERROR,ERROR,SHIFT S75 NoSem,ERROR,ERROR,ERROR,ERROR,ERROR,ERROR,ERROR,ERROR,ERROR,ERROR,ERROR,ERROR,ERROR,ERROR,ERROR,ERROR,ERROR,ERROR,ERROR,ERROR,REDUCE ARGUEMENT,ERROR,ERROR,ERROR,ERROR,ERROR,ERROR,ERROR,ERROR,ERROR,ERROR,ERROR,ERROR,ERROR,ERROR,ERROR,ERROR,ERROR,ERROR,ERROR,ERROR,ERROR,ERROR,ERROR,ERROR,ERROR,ERROR,ERROR,ERROR,ERROR,ERROR,ERROR,ERROR,ERROR,ERROR,ERROR,ERROR,ERROR,ERROR,ERROR,ERROR,ERROR,ERROR,ERROR,ERROR,ERROR,ERROR,ERROR,ERROR,ERROR,ERROR,ERROR,ERROR,ERROR,ERROR
75,ERROR,ERROR,PUSH_GOTO S29 NoSem,ERROR,ERROR,ERROR,ERROR,ERROR,ERROR,ERROR,ERROR,ERROR,PUSH_GOTO S29 NoSem,ERROR,ERROR,ERROR,ERROR,ERROR,PUSH_GOTO S29 NoSem,ERROR,ERROR,ERROR,PUSH_GOTO S29 NoSem,ERROR,ERROR,ERROR,ERROR,ERROR,ERROR,ERROR,PUSH_GOTO S29 NoSem,ERROR,ERROR,ERROR,ERROR,ERROR,ERROR,ERROR,ERROR,ERROR,ERROR,ERROR,ERROR,ERROR,ERROR,ERROR,PUSH_GOTO S29 NoSem,ERROR,ERROR,ERROR,ERROR,ERROR,ERROR,ERROR,ERROR,ERROR,ERROR,ERROR,ERROR,GOTO S74 NoSem,ERROR,ERROR,ERROR,ERROR,ERROR,ERROR,ERROR,ERROR,ERROR,ERROR,ERROR,ERROR,ERROR,ERROR,ERROR,ERROR,ERROR,ERROR,ERROR,ERROR,ERROR,ERROR,ERROR,ERROR
76,ERROR,ERROR,ERROR,ERROR,ERROR,ERROR,ERROR,ERROR,ERROR,ERROR,ERROR,ERROR,ERROR,ERROR,ERROR,ERROR,ERROR,ERROR,ERROR,ERROR,ERROR,ERROR,ERROR,ERROR,ERROR,ERROR,ERROR,ERROR,ERROR,ERROR,ERROR,SHIFT S77 NoSem,ERROR,ERROR,ERROR,ERROR,ERROR,ERROR,ERROR,ERROR,ERROR,ERROR,ERROR,ERROR,ERROR,ERROR,ERROR,ERROR,ERROR,ERROR,ERROR,ERROR,ERROR,ERROR,ERROR,ERROR,ERROR,ERROR,ERROR,ERROR,ERROR,ERROR,ERROR,ERROR,ERROR,ERROR,ERROR,ERROR,ERROR,ERROR,ERROR,ERROR,ERROR,ERROR,ERROR,ERROR,ERROR,ERROR,ERROR,ERROR,ERROR,ERROR,ERROR,ERROR
77,ERROR,ERROR,ERROR,ERROR,ERROR,ERROR,ERROR,PUSH_GOTO S150 NoSem,ERROR,ERROR,PUSH_GOTO S150 NoSem,PUSH_GOTO S150 NoSem,ERROR,ERROR,ERROR,ERROR,ERROR,ERROR,ERROR,ERROR,ERROR,ERROR,ERROR,PUSH_GOTO S150 NoSem,ERROR,ERROR,ERROR,ERROR,ERROR,ERROR,ERROR,ERROR,ERROR,ERROR,PUSH_GOTO S150 NoSem,ERROR,ERROR,ERROR,ERROR,ERROR,ERROR,ERROR,ERROR,ERROR,ERROR,ERROR,ERROR,PUSH_GOTO S150 NoSem,ERROR,ERROR,ERROR,ERROR,ERROR,ERROR,ERROR,ERROR,ERROR,ERROR,ERROR,ERROR,ERROR,ERROR,ERROR,ERROR,ERROR,ERROR,ERROR,ERROR,ERROR,ERROR,ERROR,ERROR,ERROR,ERROR,ERROR,GOTO S78 NoSem,ERROR,ERROR,ERROR,ERROR,ERROR,ERROR,ERROR,ERROR
78,ERROR,ERROR,ERROR,ERROR,ERROR,ERROR,ERROR,ERROR,ERROR,ERROR,ERROR,ERROR,ERROR,ERROR,ERROR,ERROR,ERROR,ERROR,ERROR,ERROR,ERROR,ERROR,ERROR,SHIFT S79 NoSem,ERROR,ERROR,ERROR,ERROR,ERROR,ERROR,ERROR,ERROR,ERROR,ERROR,ERROR,ERROR,ERROR,ERROR,ERROR,ERROR,ERROR,ERROR,ERROR,ERROR,ERROR,ERROR,ERROR,ERROR,ERROR,ERROR,ERROR,ERROR,ERROR,ERROR,ERROR,ERROR,ERROR,ERROR,ERROR,ERROR,ERROR,ERROR,ERROR,ERROR,ERROR,ERROR,ERROR,ERROR,ERROR,ERROR,ERROR,ERROR,ERROR,ERROR,ERROR,ERROR,ERROR,ERROR,ERROR,ERROR,ERROR,ERROR,ERROR,ERROR
79,REDUCE BLOCK,ERROR,REDUCE BLOCK,ERROR,ERROR,ERROR,ERROR,ERROR,REDUCE BLOCK,REDUCE BLOCK,ERROR,ERROR,REDUCE BLOCK,ERROR,ERROR,ERROR,ERROR,REDUCE BLOCK,REDUCE BLOCK,ERROR,ERROR,ERROR,REDUCE BLOCK,ERROR,ERROR,ERROR,ERROR,ERROR,ERROR,ERROR,REDUCE BLOCK,ERROR,ERROR,ERROR,ERROR,ERROR,ERROR,ERROR,REDUCE BLOCK,ERROR,ERROR,ERROR,ERROR,ERROR,ERROR,ERROR,REDUCE BLOCK,ERROR,ERROR,ERROR,ERROR,ERROR,ERROR,ERROR,ERROR,ERROR,ERROR,ERROR,ERROR,ERROR,ERROR,ERROR,ERROR,ERROR,ERROR,ERROR,ERROR,ERROR,ERROR,ERROR,ERROR,ERROR,ERROR,ERROR,ERROR,ERROR,ERROR,ERROR,ERROR,ERROR,ERROR,ERROR,ERROR,ERROR
80,ERROR,ERROR,ERROR,ERROR,ERROR,ERROR,ERROR,SHIFT S82 NoSem,ERROR,ERROR,SHIFT S87 @push_new_id,PUSH_GOTO S9 NoSem,ERROR,ERROR,ERROR,ERROR,ERROR,ERROR,ERROR,ERROR,ERROR,ERROR,ERROR,ERROR,ERROR,ERROR,ERROR,ERROR,ERROR,ERROR,ERROR,ERROR,ERROR,ERROR,SHIFT S88 NoSem,ERROR,ERROR,ERROR,ERROR,ERROR,ERROR,ERROR,ERROR,ERROR,ERROR,ERROR,ERROR,PUSH_GOTO S2 NoSem,ERROR,ERROR,ERROR,ERROR,ERROR,ERROR,ERROR,ERROR,ERROR,ERROR,ERROR,ERROR,GOTO S81 NoSem,ERROR,ERROR,ERROR,ERROR,ERROR,ERROR,ERROR,ERROR,ERROR,ERROR,ERROR,ERROR,ERROR,ERROR,ERROR,ERROR,ERROR,ERROR,ERROR,GOTO S81 NoSem,ERROR,ERROR,ERROR
81,ERROR,ERROR,ERROR,ERROR,ERROR,ERROR,ERROR,ERROR,REDUCE STMT,ERROR,ERROR,ERROR,ERROR,ERROR,ERROR,ERROR,ERROR,ERROR,ERROR,ERROR,ERROR,ERROR,ERROR,ERROR,ERROR,ERROR,ERROR,ERROR,ERROR,ERROR,ERROR,ERROR,ERROR,ERROR,ERROR,ERROR,ERROR,ERROR,ERROR,ERROR,ERROR,ERROR,ERROR,ERROR,ERROR,ERROR,ERROR,ERROR,ERROR,ERROR,ERROR,ERROR,ERROR,ERROR,ERROR,ERROR,ERROR,ERROR,ERROR,ERROR,ERROR,ERROR,ERROR,ERROR,ERROR,ERROR,ERROR,ERROR,ERROR,ERROR,ERROR,ERROR,ERROR,ERROR,ERROR,ERROR,ERROR,ERROR,ERROR,ERROR,ERROR,ERROR,ERROR,ERROR
82,ERROR,ERROR,ERROR,ERROR,ERROR,ERROR,ERROR,ERROR,ERROR,ERROR,PUSH_GOTO S23 NoSem,ERROR,ERROR,ERROR,ERROR,ERROR,ERROR,ERROR,ERROR,ERROR,ERROR,ERROR,ERROR,ERROR,ERROR,ERROR,ERROR,ERROR,ERROR,ERROR,ERROR,ERROR,ERROR,ERROR,ERROR,ERROR,ERROR,ERROR,ERROR,ERROR,ERROR,ERROR,ERROR,ERROR,ERROR,ERROR,ERROR,ERROR,ERROR,ERROR,ERROR,ERROR,ERROR,ERROR,ERROR,ERROR,ERROR,ERROR,ERROR,ERROR,ERROR,ERROR,ERROR,ERROR,ERROR,ERROR,ERROR,ERROR,ERROR,ERROR,ERROR,ERROR,GOTO S83 NoSem,ERROR,ERROR,ERROR,ERROR,ERROR,ERROR,ERROR,ERROR,ERROR,ERROR,ERROR
83,ERROR,ERROR,ERROR,ERROR,ERROR,ERROR,ERROR,ERROR,ERROR,ERROR,ERROR,ERROR,ERROR,ERROR,ERROR,ERROR,ERROR,ERROR,ERROR,ERROR,ERROR,ERROR,ERROR,ERROR,ERROR,ERROR,ERROR,ERROR,ERROR,ERROR,ERROR,ERROR,ERROR,ERROR,ERROR,ERROR,ERROR,SHIFT S85 NoSem,ERROR,ERROR,ERROR,ERROR,ERROR,ERROR,ERROR,ERROR,ERROR,ERROR,ERROR,ERROR,ERROR,ERROR,ERROR,ERROR,ERROR,ERROR,ERROR,ERROR,ERROR,ERROR,ERROR,ERROR,ERROR,ERROR,ERROR,ERROR,ERROR,ERROR,ERROR,ERROR,ERROR,ERROR,ERROR,ERROR,ERROR,ERROR,ERROR,ERROR,ERROR,ERROR,ERROR,ERROR,ERROR,ERROR
84,ERROR,ERROR,ERROR,ERROR,ERROR,ERROR,ERROR,PUSH_GOTO S51 NoSem,ERROR,ERROR,ERROR,ERROR,ERROR,ERROR,ERROR,ERROR,ERROR,ERROR,ERROR,ERROR,ERROR,ERROR,ERROR,ERROR,ERROR,ERROR,ERROR,ERROR,ERROR,ERROR,ERROR,ERROR,ERROR,ERROR,ERROR,ERROR,ERROR,ERROR,ERROR,ERROR,ERROR,ERROR,ERROR,ERROR,ERROR,ERROR,ERROR,ERROR,ERROR,ERROR,ERROR,GOTO S81 NoSem,ERROR,ERROR,ERROR,ERROR,ERROR,ERROR,ERROR,ERROR,ERROR,ERROR,ERROR,ERROR,ERROR,ERROR,ERROR,ERROR,ERROR,ERROR,ERROR,ERROR,ERROR,ERROR,ERROR,ERROR,ERROR,ERROR,ERROR,ERROR,ERROR,ERROR,ERROR,ERROR
85,ERROR,ERROR,ERROR,ERROR,ERROR,ERROR,ERROR,ERROR,ERROR,ERROR,PUSH_GOTO S23 NoSem,ERROR,ERROR,ERROR,ERROR,ERROR,ERROR,ERROR,ERROR,ERROR,ERROR,ERROR,ERROR,ERROR,ERROR,ERROR,ERROR,ERROR,ERROR,ERROR,ERROR,ERROR,ERROR,ERROR,ERROR,ERROR,ERROR,ERROR,ERROR,ERROR,ERROR,ERROR,ERROR,ERROR,ERROR,ERROR,ERROR,ERROR,ERROR,ERROR,ERROR,ERROR,ERROR,ERROR,ERROR,ERROR,ERROR,ERROR,ERROR,ERROR,ERROR,ERROR,ERROR,ERROR,ERROR,ERROR,ERROR,ERROR,ERROR,ERROR,ERROR,ERROR,GOTO S86 NoSem,ERROR,ERROR,ERROR,ERROR,ERROR,ERROR,ERROR,ERROR,ERROR,ERROR,ERROR
86,ERROR,ERROR,ERROR,ERROR,ERROR,ERROR,ERROR,ERROR,ERROR,ERROR,ERROR,ERROR,ERROR,ERROR,ERROR,ERROR,ERROR,ERROR,ERROR,ERROR,ERROR,ERROR,ERROR,ERROR,ERROR,ERROR,ERROR,ERROR,ERROR,SHIFT S84 NoSem,ERROR,ERROR,ERROR,ERROR,ERROR,ERROR,ERROR,SHIFT S85 NoSem,ERROR,ERROR,ERROR,ERROR,ERROR,ERROR,ERROR,ERROR,ERROR,ERROR,ERROR,ERROR,ERROR,ERROR,ERROR,ERROR,ERROR,ERROR,ERROR,ERROR,ERROR,ERROR,ERROR,ERROR,ERROR,ERROR,ERROR,ERROR,ERROR,ERROR,ERROR,ERROR,ERROR,ERROR,ERROR,ERROR,ERROR,ERROR,ERROR,ERROR,ERROR,ERROR,ERROR,ERROR,ERROR,ERROR
87,ERROR,ERROR,ERROR,PUSH_GOTO S105 NoSem,ERROR,ERROR,ERROR,PUSH_GOTO S110 NoSem,ERROR,ERROR,ERROR,ERROR,ERROR,ERROR,ERROR,ERROR,ERROR,ERROR,ERROR,ERROR,ERROR,ERROR,ERROR,ERROR,ERROR,ERROR,ERROR,ERROR,PUSH_GOTO S48 NoSem,ERROR,ERROR,ERROR,ERROR,ERROR,ERROR,ERROR,ERROR,ERROR,ERROR,ERROR,ERROR,SHIFT S89 NoSem,ERROR,ERROR,ERROR,ERROR,ERROR,ERROR,ERROR,ERROR,ERROR,ERROR,ERROR,ERROR,ERROR,ERROR,ERROR,ERROR,ERROR,ERROR,ERROR,ERROR,ERROR,ERROR,ERROR,ERROR,ERROR,GOTO S81 NoSem,ERROR,ERROR,GOTO S81 @pop_id,ERROR,ERROR,ERROR,GOTO S90 NoSem,ERROR,ERROR,ERROR,ERROR,ERROR,ERROR,ERROR,ERROR,ERROR
88,ERROR,ERROR,ERROR,ERROR,ERROR,ERROR,ERROR,ERROR,ERROR,ERROR,SHIFT S81 NoSem,ERROR,ERROR,ERROR,ERROR,ERROR,ERROR,ERROR,ERROR,ERROR,ERROR,ERROR,ERROR,ERROR,ERROR,ERROR,ERROR,ERROR,ERROR,ERROR,ERROR,ERROR,SHIFT S81 NoSem,ERROR,ERROR,ERROR,ERROR,ERROR,ERROR,ERROR,ERROR,ERROR,SHIFT S81 NoSem,ERROR,ERROR,ERROR,ERROR,ERROR,ERROR,ERROR,ERROR,ERROR,ERROR,ERROR,ERROR,ERROR,ERROR,ERROR,ERROR,ERROR,ERROR,ERROR,ERROR,ERROR,ERROR,ERROR,ERROR,ERROR,ERROR,ERROR,ERROR,ERROR,ERROR,ERROR,ERROR,ERROR,ERROR,ERROR,ERROR,ERROR,ERROR,ERROR,ERROR,ERROR
89,ERROR,ERROR,PUSH_GOTO S41 NoSem,ERROR,ERROR,ERROR,ERROR,ERROR,ERROR,ERROR,ERROR,ERROR,PUSH_GOTO S34 NoSem,ERROR,ERROR,ERROR,ERROR,ERROR,PUSH_GOTO S34 NoSem,ERROR,ERROR,ERROR,PUSH_GOTO S34 NoSem,ERROR,ERROR,ERROR,ERROR,ERROR,ERROR,ERROR,PUSH_GOTO S34 NoSem,ERROR,ERROR,ERROR,ERROR,ERROR,ERROR,ERROR,ERROR,ERROR,ERROR,ERROR,ERROR,ERROR,ERROR,ERROR,PUSH_GOTO S34 NoSem,ERROR,ERROR,ERROR,ERROR,ERROR,ERROR,ERROR,ERROR,ERROR,ERROR,ERROR,ERROR,ERROR,ERROR,ERROR,ERROR,ERROR,ERROR,ERROR,GOTO S81 NoSem,ERROR,ERROR,ERROR,ERROR,ERROR,ERROR,ERROR,ERROR,ERROR,ERROR,ERROR,ERROR,ERROR,ERROR,ERROR,ERROR,GOTO S81 NoSem
90,ERROR,ERROR,ERROR,ERROR,ERROR,ERROR,ERROR,ERROR,ERROR,ERROR,ERROR,ERROR,ERROR,ERROR,ERROR,ERROR,ERROR,ERROR,ERROR,ERROR,ERROR,ERROR,ERROR,ERROR,ERROR,ERROR,ERROR,ERROR,PUSH_GOTO S48 NoSem,ERROR,ERROR,ERROR,ERROR,ERROR,ERROR,ERROR,ERROR,ERROR,ERROR,ERROR,ERROR,ERROR,ERROR,ERROR,ERROR,ERROR,ERROR,ERROR,ERROR,ERROR,ERROR,ERROR,ERROR,ERROR,ERROR,ERROR,ERROR,ERROR,ERROR,ERROR,ERROR,ERROR,ERROR,ERROR,ERROR,ERROR,ERROR,ERROR,ERROR,ERROR,GOTO S81 NoSem,ERROR,ERROR,ERROR,ERROR,ERROR,ERROR,ERROR,ERROR,ERROR,ERROR,ERROR,ERROR,ERROR
91,ERROR,ERROR,ERROR,ERROR,ERROR,ERROR,PUSH_GOTO S101 NoSem,SHIFT S92 NoSem,ERROR,ERROR,SHIFT S96 @push_id,ERROR,ERROR,PUSH_GOTO S99 NoSem,ERROR,ERROR,ERROR,ERROR,ERROR,ERROR,PUSH_GOTO S99 NoSem,ERROR,ERROR,ERROR,ERROR,ERROR,ERROR,ERROR,ERROR,ERROR,ERROR,ERROR,PUSH_GOTO S101 NoSem,ERROR,ERROR,ERROR,PUSH_GOTO S101 NoSem,ERROR,ERROR,ERROR,ERROR,ERROR,PUSH_GOTO S101 NoSem,PUSH_GOTO S101 NoSem,ERROR,ERROR,ERROR,ERROR,ERROR,ERROR,ERROR,ERROR,ERROR,ERROR,ERROR,ERROR,ERROR,ERROR,ERROR,ERROR,ERROR,ERROR,ERROR,ERROR,ERROR,ERROR,ERROR,ERROR,GOTO S95 NoSem,ERROR,ERROR,ERROR,ERROR,ERROR,ERROR,ERROR,ERROR,GOTO S94 NoSem,ERROR,ERROR,ERROR,ERROR,ERROR,ERROR
92,ERROR,ERROR,ERROR,ERROR,ERROR,ERROR,PUSH_GOTO S116 NoSem,PUSH_GOTO S116 NoSem,ERROR,ERROR,PUSH_GOTO S116 NoSem,ERROR,ERROR,PUSH_GOTO S116 NoSem,ERROR,ERROR,ERROR,ERROR,ERROR,ERROR,PUSH_GOTO S116 NoSem,ERROR,ERROR,ERROR,ERROR,ERROR,ERROR,ERROR,ERROR,ERROR,ERROR,ERROR,PUSH_GOTO S116 NoSem,ERROR,ERROR,ERROR,PUSH_GOTO S116 NoSem,ERROR,ERROR,ERROR,ERROR,ERROR,PUSH_GOTO S116 NoSem,PUSH_GOTO S116 NoSem,ERROR,ERROR,ERROR,ERROR,ERROR,ERROR,ERROR,ERROR,ERROR,ERROR,ERROR,ERROR,ERROR,ERROR,ERROR,ERROR,ERROR,ERROR,ERROR,ERROR,ERROR,ERROR,ERROR,ERROR,ERROR,GOTO S93 NoSem,ERROR,ERROR,ERROR,ERROR,ERROR,ERROR,ERROR,ERROR,ERROR,ERROR,ERROR,ERROR,ERROR,ERROR
93,ERROR,ERROR,ERROR,ERROR,ERROR,ERROR,ERROR,ERROR,ERROR,ERROR,ERROR,ERROR,ERROR,ERROR,ERROR,ERROR,ERROR,ERROR,ERROR,ERROR,ERROR,ERROR,ERROR,ERROR,ERROR,ERROR,ERROR,ERROR,ERROR,SHIFT S94 NoSem,ERROR,ERROR,ERROR,ERROR,ERROR,ERROR,ERROR,ERROR,ERROR,ERROR,ERROR,ERROR,ERROR,ERROR,ERROR,ERROR,ERROR,ERROR,ERROR,ERROR,ERROR,ERROR,ERROR,ERROR,ERROR,ERROR,ERROR,ERROR,ERROR,ERROR,ERROR,ERROR,ERROR,ERROR,ERROR,ERROR,ERROR,ERROR,ERROR,ERROR,ERROR,ERROR,ERROR,ERROR,ERROR,ERROR,ERROR,ERROR,ERROR,ERROR,ERROR,ERROR,ERROR,ERROR
94,REDUCE I,REDUCE I,REDUCE I,ERROR,REDUCE I,REDUCE I,ERROR,ERROR,REDUCE I,ERROR,ERROR,ERROR,REDUCE I,ERROR,REDUCE I,REDUCE I,REDUCE I,REDUCE I,REDUCE I,REDUCE I,ERROR,REDUCE I,REDUCE I,ERROR,REDUCE I,REDUCE I,REDUCE I,REDUCE I,ERROR,REDUCE I,REDUCE I,ERROR,ERROR,ERROR,ERROR,ERROR,ERROR,REDUCE I,REDUCE I,REDUCE I,ERROR,ERROR,ERROR,ERROR,REDUCE I,REDUCE I,REDUCE I,ERROR,REDUCE I,REDUCE I,REDUCE I,ERROR,ERROR,ERROR,ERROR,ERROR,ERROR,ERROR,ERROR,ERROR,ERROR,ERROR,ERROR,ERROR,ERROR,ERROR,ERROR,ERROR,ERROR,ERROR,ERROR,ERROR,ERROR,ERROR,ERROR,ERROR,ERROR,ERROR,ERROR,ERROR,ERROR,ERROR,ERROR,ERROR
95,ERROR,ERROR,ERROR,ERROR,ERROR,ERROR,PUSH_GOTO S116 NoSem,PUSH_GOTO S116 NoSem,ERROR,ERROR,PUSH_GOTO S116 NoSem,ERROR,ERROR,PUSH_GOTO S116 NoSem,ERROR,ERROR,ERROR,ERROR,ERROR,ERROR,PUSH_GOTO S116 NoSem,ERROR,ERROR,ERROR,ERROR,ERROR,ERROR,ERROR,ERROR,ERROR,ERROR,ERROR,PUSH_GOTO S116 NoSem,ERROR,ERROR,ERROR,PUSH_GOTO S116 NoSem,ERROR,ERROR,ERROR,ERROR,ERROR,PUSH_GOTO S116 NoSem,PUSH_GOTO S116 NoSem,ERROR,ERROR,ERROR,ERROR,ERROR,ERROR,ERROR,ERROR,ERROR,ERROR,ERROR,ERROR,ERROR,ERROR,ERROR,ERROR,ERROR,ERROR,ERROR,ERROR,ERROR,ERROR,ERROR,ERROR,ERROR,GOTO S94 NoSem,ERROR,ERROR,ERROR,ERROR,ERROR,ERROR,ERROR,ERROR,ERROR,ERROR,ERROR,ERROR,ERROR,ERROR
96,REDUCE I,REDUCE I,REDUCE I,PUSH_GOTO S105 NoSem,REDUCE I,REDUCE I,ERROR,PUSH_GOTO S110 NoSem,REDUCE I,ERROR,ERROR,ERROR,REDUCE I,ERROR,REDUCE I,REDUCE I,REDUCE I,REDUCE I,REDUCE I,REDUCE I,ERROR,REDUCE I,REDUCE I,ERROR,REDUCE I,REDUCE I,REDUCE I,REDUCE I,ERROR,REDUCE I,REDUCE I,ERROR,ERROR,ERROR,ERROR,ERROR,ERROR,REDUCE I,REDUCE I,REDUCE I,ERROR,ERROR,ERROR,ERROR,REDUCE I,REDUCE I,REDUCE I,ERROR,REDUCE I,REDUCE I,REDUCE I,ERROR,ERROR,ERROR,ERROR,ERROR,ERROR,ERROR,ERROR,ERROR,ERROR,ERROR,ERROR,ERROR,ERROR,ERROR,ERROR,GOTO S94 NoSem,ERROR,ERROR,ERROR,ERROR,ERROR,ERROR,GOTO S94 NoSem,ERROR,ERROR,ERROR,ERROR,ERROR,ERROR,ERROR,ERROR,ERROR
97,ERROR,SHIFT S98 NoSem,ERROR,ERROR,ERROR,ERROR,ERROR,ERROR,ERROR,ERROR,ERROR,ERROR,ERROR,SHIFT S98 NoSem,SHIFT S98 NoSem,SHIFT S98 NoSem,SHIFT S98 NoSem,ERROR,ERROR,SHIFT S98 NoSem,ERROR,SHIFT S98 NoSem,ERROR,ERROR,ERROR,SHIFT S98 NoSem,SHIFT S98 NoSem,SHIFT S98 NoSem,ERROR,ERROR,ERROR,ERROR,ERROR,SHIFT S98 NoSem,ERROR,ERROR,ERROR,ERROR,ERROR,SHIFT S98 NoSem,SHIFT S98 NoSem,ERROR,ERROR,ERROR,ERROR,SHIFT S98 NoSem,ERROR,ERROR,SHIFT S98 NoSem,SHIFT S98 NoSem,ERROR,ERROR,ERROR,ERROR,ERROR,ERROR,ERROR,ERROR,ERROR,ERROR,ERROR,ERROR,ERROR,ERROR,ERROR,ERROR,ERROR,ERROR,ERROR,ERROR,ERROR,ERROR,ERROR,ERROR,ERROR,ERROR,ERROR,ERROR,ERROR,ERROR,ERROR,ERROR,ERROR,ERROR
98,ERROR,ERROR,ERROR,ERROR,ERROR,ERROR,ERROR,ERROR,ERROR,ERROR,ERROR,ERROR,ERROR,ERROR,ERROR,ERROR,ERROR,ERROR,ERROR,ERROR,ERROR,ERROR,ERROR,ERROR,ERROR,ERROR,ERROR,ERROR,ERROR,ERROR,ERROR,ERROR,ERROR,ERROR,ERROR,ERROR,ERROR,ERROR,ERROR,ERROR,ERROR,ERROR,ERROR,ERROR,ERROR,ERROR,ERROR,ERROR,ERROR,ERROR,ERROR,ERROR,ERROR,ERROR,ERROR,ERROR,ERROR,ERROR,ERROR,ERROR,ERROR,ERROR,ERROR,ERROR,ERROR,ERROR,ERROR,ERROR,ERROR,ERROR,ERROR,ERROR,ERROR,ERROR,ERROR,ERROR,ERROR,ERROR,ERROR,ERROR,ERROR,ERROR,ERROR,ERROR
99,ERROR,ERROR,ERROR,ERROR,ERROR,ERROR,ERROR,ERROR,ERROR,ERROR,ERROR,ERROR,ERROR,SHIFT S100 NoSem,ERROR,ERROR,ERROR,ERROR,ERROR,ERROR,SHIFT S100 NoSem,ERROR,ERROR,ERROR,ERROR,ERROR,ERROR,ERROR,ERROR,ERROR,ERROR,ERROR,ERROR,ERROR,ERROR,ERROR,ERROR,ERROR,ERROR,ERROR,ERROR,ERROR,ERROR,ERROR,ERROR,ERROR,ERROR,ERROR,ERROR,ERROR,ERROR,ERROR,ERROR,ERROR,ERROR,ERROR,ERROR,ERROR,ERROR,ERROR,ERROR,ERROR,ERROR,ERROR,ERROR,ERROR,ERROR,ERROR,ERROR,ERROR,ERROR,ERROR,ERROR,ERROR,ERROR,ERROR,ERROR,ERROR,ERROR,ERROR,ERROR,ERROR,ERROR,ERROR
100,ERROR,ERROR,ERROR,ERROR,ERROR,ERROR,REDUCE UNARY_OP,REDUCE UNARY_OP,ERROR,ERROR,REDUCE UNARY_OP,ERROR,ERROR,REDUCE UNARY_OP,ERROR,ERROR,ERROR,ERROR,ERROR,ERROR,REDUCE UNARY_OP,ERROR,ERROR,ERROR,ERROR,ERROR,ERROR,ERROR,ERROR,ERROR,ERROR,ERROR,REDUCE UNARY_OP,ERROR,ERROR,ERROR,REDUCE UNARY_OP,ERROR,ERROR,ERROR,ERROR,ERROR,REDUCE UNARY_OP,REDUCE UNARY_OP,ERROR,ERROR,ERROR,ERROR,ERROR,ERROR,ERROR,ERROR,ERROR,ERROR,ERROR,ERROR,ERROR,ERROR,ERROR,ERROR,ERROR,ERROR,ERROR,ERROR,ERROR,ERROR,ERROR,ERROR,ERROR,ERROR,ERROR,ERROR,ERROR,ERROR,ERROR,ERROR,ERROR,ERROR,ERROR,ERROR,ERROR,ERROR,ERROR,ERROR
101,ERROR,ERROR,ERROR,ERROR,ERROR,ERROR,SHIFT S102 @push_const,ERROR,ERROR,ERROR,ERROR,ERROR,ERROR,ERROR,ERROR,ERROR,ERROR,ERROR,ERROR,ERROR,ERROR,ERROR,ERROR,ERROR,ERROR,ERROR,ERROR,ERROR,ERROR,ERROR,ERROR,ERROR,SHIFT S102 @push_const,ERROR,ERROR,ERROR,SHIFT S102 @push_const,ERROR,ERROR,ERROR,ERROR,ERROR,SHIFT S102 @push_const,SHIFT S102 @push_const,ERROR,ERROR,ERROR,ERROR,ERROR,ERROR,ERROR,ERROR,ERROR,ERROR,ERROR,ERROR,ERROR,ERROR,ERROR,ERROR,ERROR,ERROR,ERROR,ERROR,ERROR,ERROR,ERROR,ERROR,ERROR,ERROR,ERROR,ERROR,ERROR,ERROR,ERROR,ERROR,ERROR,ERROR,ERROR,ERROR,ERROR,ERROR,ERROR,ERROR
102,REDUCE CONSTANT,REDUCE CONSTANT,REDUCE CONSTANT,ERROR,REDUCE CONSTANT,REDUCE CONSTANT,ERROR,ERROR,REDUCE CONSTANT,ERROR,ERROR,ERROR,REDUCE CONSTANT,ERROR,REDUCE CONSTANT,REDUCE CONSTANT,REDUCE CONSTANT,REDUCE CONSTANT,REDUCE CONSTANT,REDUCE CONSTANT,ERROR,REDUCE CONSTANT,REDUCE CONSTANT,ERROR,REDUCE CONSTANT,REDUCE CONSTANT,REDUCE CONSTANT,REDUCE CONSTANT,ERROR,REDUCE CONSTANT,REDUCE CONSTANT,ERROR,ERROR,ERROR,ERROR,ERROR,ERROR,REDUCE CONSTANT,REDUCE CONSTANT,REDUCE CONSTANT,ERROR,ERROR,ERROR,ERROR,REDUCE CONSTANT,REDUCE CONSTANT,REDUCE CONSTANT,ERROR,REDUCE CONSTANT,REDUCE CONSTANT,REDUCE CONSTANT,ERROR,ERROR,ERROR,ERROR,ERROR,ERROR,ERROR,ERROR,ERROR,ERROR,ERROR,ERROR,ERROR,ERROR,ERROR,ERROR,ERROR,ERROR,ERROR,ERROR,ERROR,ERROR,ERROR,ERROR,ERROR,ERROR,ERROR,ERROR,ERROR,ERROR,ERROR,ERROR,ERROR
103,ERROR,ERROR,ERROR,ERROR,ERROR,ERROR,ERROR,ERROR,ERROR,ERROR,ERROR,ERROR,SHIFT S104 @push_type,ERROR,ERROR,ERROR,ERROR,ERROR,SHIFT S104 @push_type,ERROR,ERROR,ERROR,SHIFT S104 @push_type,ERROR,ERROR,ERROR,ERROR,ERROR,ERROR,ERROR,SHIFT S104 @push_type,ERROR,ERROR,ERROR,ERROR,ERROR,ERROR,ERROR,ERROR,ERROR,ERROR,ERROR,ERROR,ERROR,ERROR,ERROR,SHIFT S104 @push_type,ERROR,ERROR,ERROR,ERROR,ERROR,ERROR,ERROR,ERROR,ERROR,ERROR,ERROR,ERROR,ERROR,ERROR,ERROR,ERROR,ERROR,ERROR,ERROR,ERROR,ERROR,ERROR,ERROR,ERROR,ERROR,ERROR,ERROR,ERROR,ERROR,ERROR,ERROR,ERROR,ERROR,ERROR,ERROR,ERROR,ERROR
104,REDUCE TYPE,ERROR,REDUCE TYPE,ERROR,ERROR,ERROR,ERROR,ERROR,REDUCE TYPE,ERROR,ERROR,ERROR,REDUCE TYPE,ERROR,ERROR,ERROR,ERROR,REDUCE TYPE,REDUCE TYPE,ERROR,ERROR,ERROR,REDUCE TYPE,ERROR,ERROR,ERROR,ERROR,ERROR,REDUCE TYPE,REDUCE TYPE,REDUCE TYPE,REDUCE TYPE,ERROR,ERROR,ERROR,ERROR,ERROR,ERROR,REDUCE TYPE,ERROR,ERROR,ERROR,ERROR,ERROR,ERROR,ERROR,REDUCE TYPE,ERROR,ERROR,ERROR,ERROR,ERROR,ERROR,ERROR,ERROR,ERROR,ERROR,ERROR,ERROR,ERROR,ERROR,ERROR,ERROR,ERROR,ERROR,ERROR,ERROR,ERROR,ERROR,ERROR,ERROR,ERROR,ERROR,ERROR,ERROR,ERROR,ERROR,ERROR,ERROR,ERROR,ERROR,ERROR,ERROR,ERROR
105,ERROR,ERROR,ERROR,SHIFT S106 NoSem,ERROR,ERROR,ERROR,ERROR,ERROR,ERROR,ERROR,ERROR,ERROR,ERROR,ERROR,ERROR,ERROR,ERROR,ERROR,ERROR,ERROR,ERROR,ERROR,ERROR,ERROR,ERROR,ERROR,ERROR,ERROR,ERROR,ERROR,ERROR,ERROR,ERROR,ERROR,ERROR,ERROR,ERROR,ERROR,ERROR,ERROR,ERROR,ERROR,ERROR,ERROR,ERROR,ERROR,ERROR,ERROR,ERROR,ERROR,ERROR,ERROR,ERROR,ERROR,ERROR,ERROR,ERROR,ERROR,ERROR,ERROR,ERROR,ERROR,ERROR,ERROR,ERROR,ERROR,ERROR,ERROR,ERROR,ERROR,ERROR,ERROR,ERROR,ERROR,ERROR,ERROR,ERROR,ERROR,ERROR,ERROR,ERROR,ERROR,ERROR
106,ERROR,ERROR,ERROR,ERROR,ERROR,ERROR,PUSH_GOTO S116 NoSem,PUSH_GOTO S116 NoSem,ERROR,ERROR,PUSH_GOTO S116 NoSem,ERROR,ERROR,PUSH_GOTO S116 NoSem,ERROR,ERROR,ERROR,ERROR,ERROR,ERROR,PUSH_GOTO S116 NoSem,ERROR,ERROR,ERROR,ERROR,ERROR,ERROR,ERROR,ERROR,ERROR,ERROR,ERROR,PUSH_GOTO S116 NoSem,ERROR,ERROR,ERROR,PUSH_GOTO S116 NoSem,ERROR,ERROR,ERROR,ERROR,ERROR,PUSH_GOTO S116 NoSem,PUSH_GOTO S116 NoSem,ERROR,ERROR,ERROR,ERROR,ERROR,ERROR,ERROR,ERROR,ERROR,ERROR,ERROR,ERROR,ERROR,ERROR,ERROR,ERROR,ERROR,ERROR,ERROR,ERROR,ERROR,ERROR,ERROR,ERROR,ERROR,GOTO S107 NoSem,ERROR,ERROR,ERROR,ERROR,ERROR,ERROR,ERROR,ERROR,ERROR,ERROR,ERROR,ERROR,ERROR,ERROR
107,ERROR,ERROR,ERROR,ERROR,ERROR,ERROR,ERROR,ERROR,ERROR,ERROR,ERROR,ERROR,ERROR,ERROR,ERROR,ERROR,ERROR,ERROR,ERROR,ERROR,ERROR,ERROR,ERROR,ERROR,ERROR,ERROR,ERROR,ERROR,ERROR,ERROR,ERROR,ERROR,ERROR,ERROR,ERROR,ERROR,ERROR,SHIFT S108 NoSem,ERROR,ERROR,ERROR,ERROR,ERROR,ERROR,SHIFT S109 NoSem,ERROR,ERROR,ERROR,ERROR,ERROR,ERROR,ERROR,ERROR,ERROR,ERROR,ERROR,ERROR,ERROR,ERROR,ERROR,ERROR,ERROR,ERROR,ERROR,ERROR,ERROR,ERROR,ERROR,ERROR,ERROR,ERROR,ERROR,ERROR,ERROR,ERROR,ERROR,ERROR,ERROR,ERROR,ERROR,ERROR,ERROR,ERROR,ERROR
108,ERROR,ERROR,ERROR,ERROR,ERROR,ERROR,PUSH_GOTO S116 NoSem,PUSH_GOTO S116 NoSem,ERROR,ERROR,PUSH_GOTO S116 NoSem,ERROR,ERROR,PUSH_GOTO S116 NoSem,ERROR,ERROR,ERROR,ERROR,ERROR,ERROR,PUSH_GOTO S116 NoSem,ERROR,ERROR,ERROR,ERROR,ERROR,ERROR,ERROR,ERROR,ERROR,ERROR,ERROR,PUSH_GOTO S116 NoSem,ERROR,ERROR,ERROR,PUSH_GOTO S116 NoSem,ERROR,ERROR,ERROR,ERROR,ERROR,PUSH_GOTO S116 NoSem,PUSH_GOTO S116 NoSem,ERROR,ERROR,ERROR,ERROR,ERROR,ERROR,ERROR,ERROR,ERROR,ERROR,ERROR,ERROR,ERROR,ERROR,ERROR,ERROR,ERROR,ERROR,ERROR,ERROR,ERROR,ERROR,ERROR,ERROR,ERROR,GOTO S107 NoSem,ERROR,ERROR,ERROR,ERROR,ERROR,ERROR,ERROR,ERROR,ERROR,ERROR,ERROR,ERROR,ERROR,ERROR
109,REDUCE ID_ARRAY,REDUCE ID_ARRAY,REDUCE ID_ARRAY,ERROR,REDUCE ID_ARRAY,REDUCE ID_ARRAY,ERROR,ERROR,REDUCE ID_ARRAY,ERROR,ERROR,ERROR,REDUCE ID_ARRAY,ERROR,REDUCE ID_ARRAY,REDUCE ID_ARRAY,REDUCE ID_ARRAY,REDUCE ID_ARRAY,REDUCE ID_ARRAY,REDUCE ID_ARRAY,ERROR,REDUCE ID_ARRAY,REDUCE ID_ARRAY,ERROR,REDUCE ID_ARRAY,REDUCE ID_ARRAY,REDUCE ID_ARRAY,REDUCE ID_ARRAY,REDUCE ID_ARRAY,REDUCE ID_ARRAY,REDUCE ID_ARRAY,ERROR,ERROR,ERROR,ERROR,ERROR,ERROR,REDUCE ID_ARRAY,REDUCE ID_ARRAY,REDUCE ID_ARRAY,ERROR,ERROR,ERROR,ERROR,REDUCE ID_ARRAY,REDUCE ID_ARRAY,REDUCE ID_ARRAY,ERROR,REDUCE ID_ARRAY,REDUCE ID_ARRAY,REDUCE ID_ARRAY,ERROR,ERROR,ERROR,ERROR,ERROR,ERROR,ERROR,ERROR,ERROR,ERROR,ERROR,ERROR,ERROR,ERROR,ERROR,ERROR,ERROR,ERROR,ERROR,ERROR,ERROR,ERROR,ERROR,ERROR,ERROR,ERROR,ERROR,ERROR,ERROR,ERROR,ERROR,ERROR,ERROR
110,ERROR,ERROR,ERROR,ERROR,ERROR,ERROR,ERROR,SHIFT S111 NoSem,ERROR,ERROR,ERROR,ERROR,ERROR,ERROR,ERROR,ERROR,ERROR,ERROR,ERROR,ERROR,ERROR,ERROR,ERROR,ERROR,ERROR,ERROR,ERROR,ERROR,ERROR,ERROR,ERROR,ERROR,ERROR,ERROR,ERROR,ERROR,ERROR,ERROR,ERROR,ERROR,ERROR,ERROR,ERROR,ERROR,ERROR,ERROR,ERROR,ERROR,ERROR,ERROR,ERROR,ERROR,ERROR,ERROR,ERROR,ERROR,ERROR,ERROR,ERROR,ERROR,ERROR,ERROR,ERROR,ERROR,ERROR,ERROR,ERROR,ERROR,ERROR,ERROR,ERROR,ERROR,ERROR,ERROR,ERROR,ERROR,ERROR,ERROR,ERROR,ERROR,ERROR,ERROR,ERROR,ERROR
111,ERROR,ERROR,ERROR,ERROR,ERROR,ERROR,PUSH_GOTO S116 NoSem,PUSH_GOTO S116 NoSem,ERROR,ERROR,PUSH_GOTO S116 NoSem,ERROR,ERROR,PUSH_GOTO S116 NoSem,ERROR,ERROR,ERROR,ERROR,ERROR,ERROR,PUSH_GOTO S116 NoSem,ERROR,ERROR,ERROR,ERROR,ERROR,ERROR,ERROR,ERROR,SHIFT S115 NoSem,ERROR,ERROR,PUSH_GOTO S116 NoSem,ERROR,ERROR,ERROR,PUSH_GOTO S116 NoSem,ERROR,ERROR,ERROR,ERROR,ERROR,PUSH_GOTO S116 NoSem,PUSH_GOTO S116 NoSem,ERROR,ERROR,ERROR,ERROR,ERROR,ERROR,ERROR,ERROR,ERROR,ERROR,ERROR,ERROR,ERROR,ERROR,ERROR,ERROR,ERROR,ERROR,ERROR,ERROR,ERROR,ERROR,ERROR,ERROR,ERROR,GOTO S112 NoSem,ERROR,ERROR,ERROR,ERROR,ERROR,ERROR,ERROR,ERROR,ERROR,ERROR,ERROR,ERROR,ERROR,ERROR
112,ERROR,ERROR,ERROR,ERROR,ERROR,ERROR,ERROR,ERROR,ERROR,ERROR,ERROR,ERROR,ERROR,ERROR,ERROR,ERROR,ERROR,ERROR,ERROR,ERROR,ERROR,ERROR,ERROR,ERROR,ERROR,ERROR,ERROR,ERROR,ERROR,SHIFT S115 NoSem,ERROR,ERROR,ERROR,ERROR,ERROR,ERROR,ERROR,SHIFT S113 NoSem,ERROR,ERROR,ERROR,ERROR,ERROR,ERROR,ERROR,ERROR,ERROR,ERROR,ERROR,ERROR,ERROR,ERROR,ERROR,ERROR,ERROR,ERROR,ERROR,ERROR,ERROR,ERROR,ERROR,ERROR,ERROR,ERROR,ERROR,ERROR,ERROR,ERROR,ERROR,ERROR,ERROR,ERROR,ERROR,ERROR,ERROR,ERROR,ERROR,ERROR,ERROR,ERROR,ERROR,ERROR,ERROR,ERROR
113,ERROR,ERROR,ERROR,ERROR,ERROR,ERROR,PUSH_GOTO S116 NoSem,PUSH_GOTO S116 NoSem,ERROR,ERROR,PUSH_GOTO S116 NoSem,ERROR,ERROR,PUSH_GOTO S116 NoSem,ERROR,ERROR,ERROR,ERROR,ERROR,ERROR,PUSH_GOTO S116 NoSem,ERROR,ERROR,ERROR,ERROR,ERROR,ERROR,ERROR,ERROR,ERROR,ERROR,ERROR,PUSH_GOTO S116 NoSem,ERROR,ERROR,ERROR,PUSH_GOTO S116 NoSem,ERROR,ERROR,ERROR,ERROR,ERROR,PUSH_GOTO S116 NoSem,PUSH_GOTO S116 NoSem,ERROR,ERROR,ERROR,ERROR,ERROR,ERROR,ERROR,ERROR,ERROR,ERROR,ERROR,ERROR,ERROR,ERROR,ERROR,ERROR,ERROR,ERROR,ERROR,ERROR,ERROR,ERROR,ERROR,ERROR,ERROR,GOTO S114 NoSem,ERROR,ERROR,ERROR,ERROR,ERROR,ERROR,ERROR,ERROR,ERROR,ERROR,ERROR,ERROR,ERROR,ERROR
114,ERROR,ERROR,ERROR,ERROR,ERROR,ERROR,ERROR,ERROR,ERROR,ERROR,ERROR,ERROR,ERROR,ERROR,ERROR,ERROR,ERROR,ERROR,ERROR,ERROR,ERROR,ERROR,ERROR,ERROR,ERROR,ERROR,ERROR,ERROR,ERROR,SHIFT S115 NoSem,ERROR,ERROR,ERROR,ERROR,ERROR,ERROR,ERROR,SHIFT S113 NoSem,ERROR,ERROR,ERROR,ERROR,ERROR,ERROR,ERROR,ERROR,ERROR,ERROR,ERROR,ERROR,ERROR,ERROR,ERROR,ERROR,ERROR,ERROR,ERROR,ERROR,ERROR,ERROR,ERROR,ERROR,ERROR,ERROR,ERROR,ERROR,ERROR,ERROR,ERROR,ERROR,ERROR,ERROR,ERROR,ERROR,ERROR,ERROR,ERROR,ERROR,ERROR,ERROR,ERROR,ERROR,ERROR,ERROR
115,REDUCE FUNCTION_CALL_PRIME,REDUCE FUNCTION_CALL_PRIME,REDUCE FUNCTION_CALL_PRIME,ERROR,REDUCE FUNCTION_CALL_PRIME,REDUCE FUNCTION_CALL_PRIME,ERROR,ERROR,REDUCE FUNCTION_CALL_PRIME,ERROR,ERROR,ERROR,REDUCE FUNCTION_CALL_PRIME,ERROR,REDUCE FUNCTION_CALL_PRIME,REDUCE FUNCTION_CALL_PRIME,REDUCE FUNCTION_CALL_PRIME,REDUCE FUNCTION_CALL_PRIME,REDUCE FUNCTION_CALL_PRIME,REDUCE FUNCTION_CALL_PRIME,ERROR,REDUCE FUNCTION_CALL_PRIME,REDUCE FUNCTION_CALL_PRIME,ERROR,REDUCE FUNCTION_CALL_PRIME,REDUCE FUNCTION_CALL_PRIME,REDUCE FUNCTION_CALL_PRIME,REDUCE FUNCTION_CALL_PRIME,ERROR,REDUCE FUNCTION_CALL_PRIME,REDUCE FUNCTION_CALL_PRIME,ERROR,ERROR,ERROR,ERROR,ERROR,ERROR,REDUCE FUNCTION_CALL_PRIME,REDUCE FUNCTION_CALL_PRIME,REDUCE FUNCTION_CALL_PRIME,ERROR,ERROR,ERROR,ERROR,REDUCE FUNCTION_CALL_PRIME,REDUCE FUNCTION_CALL_PRIME,REDUCE FUNCTION_CALL_PRIME,ERROR,REDUCE FUNCTION_CALL_PRIME,REDUCE FUNCTION_CALL_PRIME,REDUCE FUNCTION_CALL_PRIME,ERROR,ERROR,ERROR,ERROR,ERROR,ERROR,ERROR,ERROR,ERROR,ERROR,ERROR,ERROR,ERROR,ERROR,ERROR,ERROR,ERROR,ERROR,ERROR,ERROR,ERROR,ERROR,ERROR,ERROR,ERROR,ERROR,ERROR,ERROR,ERROR,ERROR,ERROR,ERROR,ERROR
116,ERROR,ERROR,ERROR,ERROR,ERROR,ERROR,PUSH_GOTO S119 NoSem,PUSH_GOTO S119 NoSem,ERROR,ERROR,PUSH_GOTO S119 NoSem,ERROR,ERROR,PUSH_GOTO S119 NoSem,ERROR,ERROR,ERROR,ERROR,ERROR,ERROR,PUSH_GOTO S119 NoSem,ERROR,ERROR,ERROR,ERROR,ERROR,ERROR,ERROR,ERROR,ERROR,ERROR,ERROR,PUSH_GOTO S119 NoSem,ERROR,ERROR,ERROR,PUSH_GOTO S119 NoSem,ERROR,ERROR,ERROR,ERROR,ERROR,PUSH_GOTO S119 NoSem,PUSH_GOTO S119 NoSem,ERROR,ERROR,ERROR,ERROR,ERROR,ERROR,ERROR,ERROR,GOTO S117 NoSem,ERROR,ERROR,ERROR,ERROR,ERROR,ERROR,ERROR,ERROR,ERROR,ERROR,ERROR,ERROR,ERROR,ERROR,ERROR,ERROR,ERROR,ERROR,ERROR,ERROR,ERROR,ERROR,ERROR,ERROR,ERROR,ERROR,ERROR,ERROR,ERROR,ERROR,ERROR
117,REDUCE EXPR,REDUCE EXPR,REDUCE EXPR,ERROR,REDUCE EXPR,REDUCE EXPR,ERROR,ERROR,REDUCE EXPR,ERROR,ERROR,ERROR,REDUCE EXPR,ERROR,REDUCE EXPR,REDUCE EXPR,REDUCE EXPR,REDUCE EXPR,REDUCE EXPR,REDUCE EXPR,ERROR,REDUCE EXPR,REDUCE EXPR,ERROR,REDUCE EXPR,REDUCE EXPR,REDUCE EXPR,REDUCE EXPR,ERROR,REDUCE EXPR,REDUCE EXPR,ERROR,ERROR,ERROR,ERROR,ERROR,ERROR,REDUCE EXPR,REDUCE EXPR,SHIFT S118 NoSem,ERROR,ERROR,ERROR,ERROR,REDUCE EXPR,REDUCE EXPR,REDUCE EXPR,ERROR,REDUCE EXPR,REDUCE EXPR,REDUCE EXPR,ERROR,ERROR,ERROR,ERROR,ERROR,ERROR,ERROR,ERROR,ERROR,ERROR,ERROR,ERROR,ERROR,ERROR,ERROR,ERROR,ERROR,ERROR,ERROR,ERROR,ERROR,ERROR,ERROR,ERROR,ERROR,ERROR,ERROR,ERROR,ERROR,ERROR,ERROR,ERROR,ERROR
118,ERROR,ERROR,ERROR,ERROR,ERROR,ERROR,PUSH_GOTO S119 NoSem,PUSH_GOTO S119 NoSem,ERROR,ERROR,PUSH_GOTO S119 NoSem,ERROR,ERROR,PUSH_GOTO S119 NoSem,ERROR,ERROR,ERROR,ERROR,ERROR,ERROR,PUSH_GOTO S119 NoSem,ERROR,ERROR,ERROR,ERROR,ERROR,ERROR,ERROR,ERROR,ERROR,ERROR,ERROR,PUSH_GOTO S119 NoSem,ERROR,ERROR,ERROR,PUSH_GOTO S119 NoSem,ERROR,ERROR,ERROR,ERROR,ERROR,PUSH_GOTO S119 NoSem,PUSH_GOTO S119 NoSem,ERROR,ERROR,ERROR,ERROR,ERROR,ERROR,ERROR,ERROR,GOTO S117 @or,ERROR,ERROR,ERROR,ERROR,ERROR,ERROR,ERROR,ERROR,ERROR,ERROR,ERROR,ERROR,ERROR,ERROR,ERROR,ERROR,ERROR,ERROR,ERROR,ERROR,ERROR,ERROR,ERROR,ERROR,ERROR,ERROR,ERROR,ERROR,ERROR,ERROR,ERROR
119,ERROR,ERROR,ERROR,ERROR,ERROR,ERROR,PUSH_GOTO S122 NoSem,PUSH_GOTO S122 NoSem,ERROR,ERROR,PUSH_GOTO S122 NoSem,ERROR,ERROR,PUSH_GOTO S122 NoSem,ERROR,ERROR,ERROR,ERROR,ERROR,ERROR,PUSH_GOTO S122 NoSem,ERROR,ERROR,ERROR,ERROR,ERROR,ERROR,ERROR,ERROR,ERROR,ERROR,ERROR,PUSH_GOTO S122 NoSem,ERROR,ERROR,ERROR,PUSH_GOTO S122 NoSem,ERROR,ERROR,ERROR,ERROR,ERROR,PUSH_GOTO S122 NoSem,PUSH_GOTO S122 NoSem,ERROR,ERROR,ERROR,ERROR,ERROR,ERROR,ERROR,ERROR,ERROR,GOTO S120 NoSem,ERROR,ERROR,ERROR,ERROR,ERROR,ERROR,ERROR,ERROR,ERROR,ERROR,ERROR,ERROR,ERROR,ERROR,ERROR,ERROR,ERROR,ERROR,ERROR,ERROR,ERROR,ERROR,ERROR,ERROR,ERROR,ERROR,ERROR,ERROR,ERROR,ERROR
120,REDUCE A,REDUCE A,REDUCE A,ERROR,REDUCE A,REDUCE A,ERROR,ERROR,REDUCE A,ERROR,ERROR,ERROR,REDUCE A,ERROR,REDUCE A,REDUCE A,REDUCE A,REDUCE A,REDUCE A,REDUCE A,ERROR,SHIFT S121 NoSem,REDUCE A,ERROR,REDUCE A,REDUCE A,REDUCE A,REDUCE A,ERROR,REDUCE A,REDUCE A,ERROR,ERROR,ERROR,ERROR,ERROR,ERROR,REDUCE A,REDUCE A,REDUCE A,ERROR,ERROR,ERROR,ERROR,REDUCE A,REDUCE A,REDUCE A,ERROR,REDUCE A,REDUCE A,REDUCE A,ERROR,ERROR,ERROR,ERROR,ERROR,ERROR,ERROR,ERROR,ERROR,ERROR,ERROR,ERROR,ERROR,ERROR,ERROR,ERROR,ERROR,ERROR,ERROR,ERROR,ERROR,ERROR,ERROR,ERROR,ERROR,ERROR,ERROR,ERROR,ERROR,ERROR,ERROR,ERROR,ERROR
121,ERROR,ERROR,ERROR,ERROR,ERROR,ERROR,PUSH_GOTO S122 NoSem,PUSH_GOTO S122 NoSem,ERROR,ERROR,PUSH_GOTO S122 NoSem,ERROR,ERROR,PUSH_GOTO S122 NoSem,ERROR,ERROR,ERROR,ERROR,ERROR,ERROR,PUSH_GOTO S122 NoSem,ERROR,ERROR,ERROR,ERROR,ERROR,ERROR,ERROR,ERROR,ERROR,ERROR,ERROR,PUSH_GOTO S122 NoSem,ERROR,ERROR,ERROR,PUSH_GOTO S122 NoSem,ERROR,ERROR,ERROR,ERROR,ERROR,PUSH_GOTO S122 NoSem,PUSH_GOTO S122 NoSem,ERROR,ERROR,ERROR,ERROR,ERROR,ERROR,ERROR,ERROR,ERROR,GOTO S120 @and,ERROR,ERROR,ERROR,ERROR,ERROR,ERROR,ERROR,ERROR,ERROR,ERROR,ERROR,ERROR,ERROR,ERROR,ERROR,ERROR,ERROR,ERROR,ERROR,ERROR,ERROR,ERROR,ERROR,ERROR,ERROR,ERROR,ERROR,ERROR,ERROR,ERROR
122,ERROR,ERROR,ERROR,ERROR,ERROR,ERROR,PUSH_GOTO S125 NoSem,PUSH_GOTO S125 NoSem,ERROR,ERROR,PUSH_GOTO S125 NoSem,ERROR,ERROR,PUSH_GOTO S125 NoSem,ERROR,ERROR,ERROR,ERROR,ERROR,ERROR,PUSH_GOTO S125 NoSem,ERROR,ERROR,ERROR,ERROR,ERROR,ERROR,ERROR,ERROR,ERROR,ERROR,ERROR,PUSH_GOTO S125 NoSem,ERROR,ERROR,ERROR,PUSH_GOTO S125 NoSem,ERROR,ERROR,ERROR,ERROR,ERROR,PUSH_GOTO S125 NoSem,PUSH_GOTO S125 NoSem,ERROR,ERROR,ERROR,ERROR,ERROR,ERROR,ERROR,ERROR,ERROR,ERROR,GOTO S123 NoSem,ERROR,ERROR,ERROR,ERROR,ERROR,ERROR,ERROR,ERROR,ERROR,ERROR,ERROR,ERROR,ERROR,ERROR,ERROR,ERROR,ERROR,ERROR,ERROR,ERROR,ERROR,ERROR,ERROR,ERROR,ERROR,ERROR,ERROR,ERROR,ERROR
123,REDUCE B,REDUCE B,REDUCE B,ERROR,REDUCE B,REDUCE B,ERROR,ERROR,REDUCE B,ERROR,ERROR,ERROR,REDUCE B,ERROR,SHIFT S124 NoSem,REDUCE B,REDUCE B,REDUCE B,REDUCE B,REDUCE B,ERROR,REDUCE B,REDUCE B,ERROR,REDUCE B,REDUCE B,REDUCE B,REDUCE B,ERROR,REDUCE B,REDUCE B,ERROR,ERROR,ERROR,ERROR,ERROR,ERROR,REDUCE B,REDUCE B,REDUCE B,ERROR,ERROR,ERROR,ERROR,REDUCE B,REDUCE B,REDUCE B,ERROR,REDUCE B,REDUCE B,REDUCE B,ERROR,ERROR,ERROR,ERROR,ERROR,ERROR,ERROR,ERROR,ERROR,ERROR,ERROR,ERROR,ERROR,ERROR,ERROR,ERROR,ERROR,ERROR,ERROR,ERROR,ERROR,ERROR,ERROR,ERROR,ERROR,ERROR,ERROR,ERROR,ERROR,ERROR,ERROR,ERROR,ERROR
124,ERROR,ERROR,ERROR,ERROR,ERROR,ERROR,PUSH_GOTO S125 NoSem,PUSH_GOTO S125 NoSem,ERROR,ERROR,PUSH_GOTO S125 NoSem,ERROR,ERROR,PUSH_GOTO S125 NoSem,ERROR,ERROR,ERROR,ERROR,ERROR,ERROR,PUSH_GOTO S125 NoSem,ERROR,ERROR,ERROR,ERROR,ERROR,ERROR,ERROR,ERROR,ERROR,ERROR,ERROR,PUSH_GOTO S125 NoSem,ERROR,ERROR,ERROR,PUSH_GOTO S125 NoSem,ERROR,ERROR,ERROR,ERROR,ERROR,PUSH_GOTO S125 NoSem,PUSH_GOTO S125 NoSem,ERROR,ERROR,ERROR,ERROR,ERROR,ERROR,ERROR,ERROR,ERROR,ERROR,GOTO S123 @bor,ERROR,ERROR,ERROR,ERROR,ERROR,ERROR,ERROR,ERROR,ERROR,ERROR,ERROR,ERROR,ERROR,ERROR,ERROR,ERROR,ERROR,ERROR,ERROR,ERROR,ERROR,ERROR,ERROR,ERROR,ERROR,ERROR,ERROR,ERROR,ERROR
125,ERROR,ERROR,ERROR,ERROR,ERROR,ERROR,PUSH_GOTO S128 NoSem,PUSH_GOTO S128 NoSem,ERROR,ERROR,PUSH_GOTO S128 NoSem,ERROR,ERROR,PUSH_GOTO S128 NoSem,ERROR,ERROR,ERROR,ERROR,ERROR,ERROR,PUSH_GOTO S128 NoSem,ERROR,ERROR,ERROR,ERROR,ERROR,ERROR,ERROR,ERROR,ERROR,ERROR,ERROR,PUSH_GOTO S128 NoSem,ERROR,ERROR,ERROR,PUSH_GOTO S128 NoSem,ERROR,ERROR,ERROR,ERROR,ERROR,PUSH_GOTO S128 NoSem,PUSH_GOTO S128 NoSem,ERROR,ERROR,ERROR,ERROR,ERROR,ERROR,ERROR,ERROR,ERROR,ERROR,ERROR,GOTO S126 NoSem,ERROR,ERROR,ERROR,ERROR,ERROR,ERROR,ERROR,ERROR,ERROR,ERROR,ERROR,ERROR,ERROR,ERROR,ERROR,ERROR,ERROR,ERROR,ERROR,ERROR,ERROR,ERROR,ERROR,ERROR,ERROR,ERROR,ERROR,ERROR
126,REDUCE C,REDUCE C,REDUCE C,ERROR,REDUCE C,REDUCE C,ERROR,ERROR,REDUCE C,ERROR,ERROR,ERROR,REDUCE C,ERROR,REDUCE C,REDUCE C,REDUCE C,REDUCE C,REDUCE C,REDUCE C,ERROR,REDUCE C,REDUCE C,ERROR,REDUCE C,REDUCE C,SHIFT S127 NoSem,REDUCE C,ERROR,REDUCE C,REDUCE C,ERROR,ERROR,ERROR,ERROR,ERROR,ERROR,REDUCE C,REDUCE C,REDUCE C,ERROR,ERROR,ERROR,ERROR,REDUCE C,REDUCE C,REDUCE C,ERROR,REDUCE C,REDUCE C,REDUCE C,ERROR,ERROR,ERROR,ERROR,ERROR,ERROR,ERROR,ERROR,ERROR,ERROR,ERROR,ERROR,ERROR,ERROR,ERROR,ERROR,ERROR,ERROR,ERROR,ERROR,ERROR,ERROR,ERROR,ERROR,ERROR,ERROR,ERROR,ERROR,ERROR,ERROR,ERROR,ERROR,ERROR
127,ERROR,ERROR,ERROR,ERROR,ERROR,ERROR,PUSH_GOTO S128 NoSem,PUSH_GOTO S128 NoSem,ERROR,ERROR,PUSH_GOTO S128 NoSem,ERROR,ERROR,PUSH_GOTO S128 NoSem,ERROR,ERROR,ERROR,ERROR,ERROR,ERROR,PUSH_GOTO S128 NoSem,ERROR,ERROR,ERROR,ERROR,ERROR,ERROR,ERROR,ERROR,ERROR,ERROR,ERROR,PUSH_GOTO S128 NoSem,ERROR,ERROR,ERROR,PUSH_GOTO S128 NoSem,ERROR,ERROR,ERROR,ERROR,ERROR,PUSH_GOTO S128 NoSem,PUSH_GOTO S128 NoSem,ERROR,ERROR,ERROR,ERROR,ERROR,ERROR,ERROR,ERROR,ERROR,ERROR,ERROR,GOTO S126 @xor,ERROR,ERROR,ERROR,ERROR,ERROR,ERROR,ERROR,ERROR,ERROR,ERROR,ERROR,ERROR,ERROR,ERROR,ERROR,ERROR,ERROR,ERROR,ERROR,ERROR,ERROR,ERROR,ERROR,ERROR,ERROR,ERROR,ERROR,ERROR
128,ERROR,ERROR,ERROR,ERROR,ERROR,ERROR,PUSH_GOTO S131 NoSem,PUSH_GOTO S131 NoSem,ERROR,ERROR,PUSH_GOTO S131 NoSem,ERROR,ERROR,PUSH_GOTO S131 NoSem,ERROR,ERROR,ERROR,ERROR,ERROR,ERROR,PUSH_GOTO S131 NoSem,ERROR,ERROR,ERROR,ERROR,ERROR,ERROR,ERROR,ERROR,ERROR,ERROR,ERROR,PUSH_GOTO S131 NoSem,ERROR,ERROR,ERROR,PUSH_GOTO S131 NoSem,ERROR,ERROR,ERROR,ERROR,ERROR,PUSH_GOTO S131 NoSem,PUSH_GOTO S131 NoSem,ERROR,ERROR,ERROR,ERROR,ERROR,ERROR,ERROR,ERROR,ERROR,ERROR,ERROR,ERROR,ERROR,GOTO S129 NoSem,ERROR,ERROR,ERROR,ERROR,ERROR,ERROR,ERROR,ERROR,ERROR,ERROR,ERROR,ERROR,ERROR,ERROR,ERROR,ERROR,ERROR,ERROR,ERROR,ERROR,ERROR,ERROR,ERROR,ERROR,ERROR,ERROR
129,REDUCE D,REDUCE D,REDUCE D,ERROR,REDUCE D,REDUCE D,ERROR,ERROR,REDUCE D,ERROR,ERROR,ERROR,REDUCE D,ERROR,REDUCE D,SHIFT S130 NoSem,REDUCE D,REDUCE D,REDUCE D,REDUCE D,ERROR,REDUCE D,REDUCE D,ERROR,REDUCE D,REDUCE D,REDUCE D,REDUCE D,ERROR,REDUCE D,REDUCE D,ERROR,ERROR,ERROR,ERROR,ERROR,ERROR,REDUCE D,REDUCE D,REDUCE D,ERROR,ERROR,ERROR,ERROR,REDUCE D,REDUCE D,REDUCE D,ERROR,REDUCE D,REDUCE D,REDUCE D,ERROR,ERROR,ERROR,ERROR,ERROR,ERROR,ERROR,ERROR,ERROR,ERROR,ERROR,ERROR,ERROR,ERROR,ERROR,ERROR,ERROR,ERROR,ERROR,ERROR,ERROR,ERROR,ERROR,ERROR,ERROR,ERROR,ERROR,ERROR,ERROR,ERROR,ERROR,ERROR,ERROR
130,ERROR,ERROR,ERROR,ERROR,ERROR,ERROR,PUSH_GOTO S131 NoSem,PUSH_GOTO S131 NoSem,ERROR,ERROR,PUSH_GOTO S131 NoSem,ERROR,ERROR,PUSH_GOTO S131 NoSem,ERROR,ERROR,ERROR,ERROR,ERROR,ERROR,PUSH_GOTO S131 NoSem,ERROR,ERROR,ERROR,ERROR,ERROR,ERROR,ERROR,ERROR,ERROR,ERROR,ERROR,PUSH_GOTO S131 NoSem,ERROR,ERROR,ERROR,PUSH_GOTO S131 NoSem,ERROR,ERROR,ERROR,ERROR,ERROR,PUSH_GOTO S131 NoSem,PUSH_GOTO S131 NoSem,ERROR,ERROR,ERROR,ERROR,ERROR,ERROR,ERROR,ERROR,ERROR,ERROR,ERROR,ERROR,ERROR,GOTO S129 @band,ERROR,ERROR,ERROR,ERROR,ERROR,ERROR,ERROR,ERROR,ERROR,ERROR,ERROR,ERROR,ERROR,ERROR,ERROR,ERROR,ERROR,ERROR,ERROR,ERROR,ERROR,ERROR,ERROR,ERROR,ERROR,ERROR
131,ERROR,ERROR,ERROR,ERROR,ERROR,ERROR,PUSH_GOTO S135 NoSem,PUSH_GOTO S135 NoSem,ERROR,ERROR,PUSH_GOTO S135 NoSem,ERROR,ERROR,PUSH_GOTO S135 NoSem,ERROR,ERROR,ERROR,ERROR,ERROR,ERROR,PUSH_GOTO S135 NoSem,ERROR,ERROR,ERROR,ERROR,ERROR,ERROR,ERROR,ERROR,ERROR,ERROR,ERROR,PUSH_GOTO S135 NoSem,ERROR,ERROR,ERROR,PUSH_GOTO S135 NoSem,ERROR,ERROR,ERROR,ERROR,ERROR,PUSH_GOTO S135 NoSem,PUSH_GOTO S135 NoSem,ERROR,ERROR,ERROR,ERROR,ERROR,ERROR,ERROR,ERROR,ERROR,ERROR,ERROR,ERROR,ERROR,ERROR,GOTO S132 NoSem,ERROR,ERROR,ERROR,ERROR,ERROR,ERROR,ERROR,ERROR,ERROR,ERROR,ERROR,ERROR,ERROR,ERROR,ERROR,ERROR,ERROR,ERROR,ERROR,ERROR,ERROR,ERROR,ERROR,ERROR,ERROR
132,REDUCE E,REDUCE E,REDUCE E,ERROR,REDUCE E,REDUCE E,ERROR,ERROR,REDUCE E,ERROR,ERROR,ERROR,REDUCE E,ERROR,REDUCE E,REDUCE E,SHIFT S133 NoSem,REDUCE E,REDUCE E,REDUCE E,ERROR,REDUCE E,REDUCE E,ERROR,REDUCE E,REDUCE E,REDUCE E,REDUCE E,ERROR,REDUCE E,REDUCE E,ERROR,ERROR,ERROR,ERROR,ERROR,ERROR,REDUCE E,REDUCE E,REDUCE E,ERROR,ERROR,ERROR,ERROR,REDUCE E,REDUCE E,REDUCE E,ERROR,REDUCE E,SHIFT S134 NoSem,REDUCE E,ERROR,ERROR,ERROR,ERROR,ERROR,ERROR,ERROR,ERROR,ERROR,ERROR,ERROR,ERROR,ERROR,ERROR,ERROR,ERROR,ERROR,ERROR,ERROR,ERROR,ERROR,ERROR,ERROR,ERROR,ERROR,ERROR,ERROR,ERROR,ERROR,ERROR,ERROR,ERROR,ERROR
133,ERROR,ERROR,ERROR,ERROR,ERROR,ERROR,PUSH_GOTO S135 NoSem,PUSH_GOTO S135 NoSem,ERROR,ERROR,PUSH_GOTO S135 NoSem,ERROR,ERROR,PUSH_GOTO S135 NoSem,ERROR,ERROR,ERROR,ERROR,ERROR,ERROR,PUSH_GOTO S135 NoSem,ERROR,ERROR,ERROR,ERROR,ERROR,ERROR,ERROR,ERROR,ERROR,ERROR,ERROR,PUSH_GOTO S135 NoSem,ERROR,ERROR,ERROR,PUSH_GOTO S135 NoSem,ERROR,ERROR,ERROR,ERROR,ERROR,PUSH_GOTO S135 NoSem,PUSH_GOTO S135 NoSem,ERROR,ERROR,ERROR,ERROR,ERROR,ERROR,ERROR,ERROR,ERROR,ERROR,ERROR,ERROR,ERROR,ERROR,GOTO S132 @eq,ERROR,ERROR,ERROR,ERROR,ERROR,ERROR,ERROR,ERROR,ERROR,ERROR,ERROR,ERROR,ERROR,ERROR,ERROR,ERROR,ERROR,ERROR,ERROR,ERROR,ERROR,ERROR,ERROR,ERROR,ERROR
134,ERROR,ERROR,ERROR,ERROR,ERROR,ERROR,PUSH_GOTO S135 NoSem,PUSH_GOTO S135 NoSem,ERROR,ERROR,PUSH_GOTO S135 NoSem,ERROR,ERROR,PUSH_GOTO S135 NoSem,ERROR,ERROR,ERROR,ERROR,ERROR,ERROR,PUSH_GOTO S135 NoSem,ERROR,ERROR,ERROR,ERROR,ERROR,ERROR,ERROR,ERROR,ERROR,ERROR,ERROR,PUSH_GOTO S135 NoSem,ERROR,ERROR,ERROR,PUSH_GOTO S135 NoSem,ERROR,ERROR,ERROR,ERROR,ERROR,PUSH_GOTO S135 NoSem,PUSH_GOTO S135 NoSem,ERROR,ERROR,ERROR,ERROR,ERROR,ERROR,ERROR,ERROR,ERROR,ERROR,ERROR,ERROR,ERROR,ERROR,GOTO S132 @neq,ERROR,ERROR,ERROR,ERROR,ERROR,ERROR,ERROR,ERROR,ERROR,ERROR,ERROR,ERROR,ERROR,ERROR,ERROR,ERROR,ERROR,ERROR,ERROR,ERROR,ERROR,ERROR,ERROR,ERROR,ERROR
135,ERROR,ERROR,ERROR,ERROR,ERROR,ERROR,PUSH_GOTO S141 NoSem,PUSH_GOTO S141 NoSem,ERROR,ERROR,PUSH_GOTO S141 NoSem,ERROR,ERROR,PUSH_GOTO S141 NoSem,ERROR,ERROR,ERROR,ERROR,ERROR,ERROR,PUSH_GOTO S141 NoSem,ERROR,ERROR,ERROR,ERROR,ERROR,ERROR,ERROR,ERROR,ERROR,ERROR,ERROR,PUSH_GOTO S141 NoSem,ERROR,ERROR,ERROR,PUSH_GOTO S141 NoSem,ERROR,ERROR,ERROR,ERROR,ERROR,PUSH_GOTO S141 NoSem,PUSH_GOTO S141 NoSem,ERROR,ERROR,ERROR,ERROR,ERROR,ERROR,ERROR,ERROR,ERROR,ERROR,ERROR,ERROR,ERROR,ERROR,ERROR,ERROR,ERROR,GOTO S136 NoSem,ERROR,ERROR,ERROR,ERROR,ERROR,ERROR,ERROR,ERROR,ERROR,ERROR,ERROR,ERROR,ERROR,ERROR,ERROR,ERROR,ERROR,ERROR,ERROR,ERROR,ERROR,ERROR
136,REDUCE F,REDUCE F,REDUCE F,ERROR,REDUCE F,REDUCE F,ERROR,ERROR,REDUCE F,ERROR,ERROR,ERROR,REDUCE F,ERROR,REDUCE F,REDUCE F,REDUCE F,REDUCE F,REDUCE F,SHIFT S138 NoSem,ERROR,REDUCE F,REDUCE F,ERROR,REDUCE F,REDUCE F,REDUCE F,SHIFT S137 NoSem,ERROR,REDUCE F,REDUCE F,ERROR,ERROR,ERROR,ERROR,ERROR,ERROR,REDUCE F,REDUCE F,REDUCE F,ERROR,ERROR,ERROR,ERROR,REDUCE F,SHIFT S139 NoSem,REDUCE F,ERROR,SHIFT S140 NoSem,REDUCE F,REDUCE F,ERROR,ERROR,ERROR,ERROR,ERROR,ERROR,ERROR,ERROR,ERROR,ERROR,ERROR,ERROR,ERROR,ERROR,ERROR,ERROR,ERROR,ERROR,ERROR,ERROR,ERROR,ERROR,ERROR,ERROR,ERROR,ERROR,ERROR,ERROR,ERROR,ERROR,ERROR,ERROR,ERROR
137,ERROR,ERROR,ERROR,ERROR,ERROR,ERROR,PUSH_GOTO S141 NoSem,PUSH_GOTO S141 NoSem,ERROR,ERROR,PUSH_GOTO S141 NoSem,ERROR,ERROR,PUSH_GOTO S141 NoSem,ERROR,ERROR,ERROR,ERROR,ERROR,ERROR,PUSH_GOTO S141 NoSem,ERROR,ERROR,ERROR,ERROR,ERROR,ERROR,ERROR,ERROR,ERROR,ERROR,ERROR,PUSH_GOTO S141 NoSem,ERROR,ERROR,ERROR,PUSH_GOTO S141 NoSem,ERROR,ERROR,ERROR,ERROR,ERROR,PUSH_GOTO S141 NoSem,PUSH_GOTO S141 NoSem,ERROR,ERROR,ERROR,ERROR,ERROR,ERROR,ERROR,ERROR,ERROR,ERROR,ERROR,ERROR,ERROR,ERROR,ERROR,ERROR,ERROR,GOTO S136 @gre,ERROR,ERROR,ERROR,ERROR,ERROR,ERROR,ERROR,ERROR,ERROR,ERROR,ERROR,ERROR,ERROR,ERROR,ERROR,ERROR,ERROR,ERROR,ERROR,ERROR,ERROR,ERROR
138,ERROR,ERROR,ERROR,ERROR,ERROR,ERROR,PUSH_GOTO S141 NoSem,PUSH_GOTO S141 NoSem,ERROR,ERROR,PUSH_GOTO S141 NoSem,ERROR,ERROR,PUSH_GOTO S141 NoSem,ERROR,ERROR,ERROR,ERROR,ERROR,ERROR,PUSH_GOTO S141 NoSem,ERROR,ERROR,ERROR,ERROR,ERROR,ERROR,ERROR,ERROR,ERROR,ERROR,ERROR,PUSH_GOTO S141 NoSem,ERROR,ERROR,ERROR,PUSH_GOTO S141 NoSem,ERROR,ERROR,ERROR,ERROR,ERROR,PUSH_GOTO S141 NoSem,PUSH_GOTO S141 NoSem,ERROR,ERROR,ERROR,ERROR,ERROR,ERROR,ERROR,ERROR,ERROR,ERROR,ERROR,ERROR,ERROR,ERROR,ERROR,ERROR,ERROR,GOTO S136 @geq,ERROR,ERROR,ERROR,ERROR,ERROR,ERROR,ERROR,ERROR,ERROR,ERROR,ERROR,ERROR,ERROR,ERROR,ERROR,ERROR,ERROR,ERROR,ERROR,ERROR,ERROR,ERROR
139,ERROR,ERROR,ERROR,ERROR,ERROR,ERROR,PUSH_GOTO S141 NoSem,PUSH_GOTO S141 NoSem,ERROR,ERROR,PUSH_GOTO S141 NoSem,ERROR,ERROR,PUSH_GOTO S141 NoSem,ERROR,ERROR,ERROR,ERROR,ERROR,ERROR,PUSH_GOTO S141 NoSem,ERROR,ERROR,ERROR,ERROR,ERROR,ERROR,ERROR,ERROR,ERROR,ERROR,ERROR,PUSH_GOTO S141 NoSem,ERROR,ERROR,ERROR,PUSH_GOTO S141 NoSem,ERROR,ERROR,ERROR,ERROR,ERROR,PUSH_GOTO S141 NoSem,PUSH_GOTO S141 NoSem,ERROR,ERROR,ERROR,ERROR,ERROR,ERROR,ERROR,ERROR,ERROR,ERROR,ERROR,ERROR,ERROR,ERROR,ERROR,ERROR,ERROR,GOTO S136 @leq,ERROR,ERROR,ERROR,ERROR,ERROR,ERROR,ERROR,ERROR,ERROR,ERROR,ERROR,ERROR,ERROR,ERROR,ERROR,ERROR,ERROR,ERROR,ERROR,ERROR,ERROR,ERROR
140,ERROR,ERROR,ERROR,ERROR,ERROR,ERROR,PUSH_GOTO S141 NoSem,PUSH_GOTO S141 NoSem,ERROR,ERROR,PUSH_GOTO S141 NoSem,ERROR,ERROR,PUSH_GOTO S141 NoSem,ERROR,ERROR,ERROR,ERROR,ERROR,ERROR,PUSH_GOTO S141 NoSem,ERROR,ERROR,ERROR,ERROR,ERROR,ERROR,ERROR,ERROR,ERROR,ERROR,ERROR,PUSH_GOTO S141 NoSem,ERROR,ERROR,ERROR,PUSH_GOTO S141 NoSem,ERROR,ERROR,ERROR,ERROR,ERROR,PUSH_GOTO S141 NoSem,PUSH_GOTO S141 NoSem,ERROR,ERROR,ERROR,ERROR,ERROR,ERROR,ERROR,ERROR,ERROR,ERROR,ERROR,ERROR,ERROR,ERROR,ERROR,ERROR,ERROR,GOTO S136 @les,ERROR,ERROR,ERROR,ERROR,ERROR,ERROR,ERROR,ERROR,ERROR,ERROR,ERROR,ERROR,ERROR,ERROR,ERROR,ERROR,ERROR,ERROR,ERROR,ERROR,ERROR,ERROR
141,ERROR,ERROR,ERROR,ERROR,ERROR,ERROR,PUSH_GOTO S145 NoSem,PUSH_GOTO S145 NoSem,ERROR,ERROR,PUSH_GOTO S145 NoSem,ERROR,ERROR,PUSH_GOTO S145 NoSem,ERROR,ERROR,ERROR,ERROR,ERROR,ERROR,PUSH_GOTO S145 NoSem,ERROR,ERROR,ERROR,ERROR,ERROR,ERROR,ERROR,ERROR,ERROR,ERROR,ERROR,PUSH_GOTO S145 NoSem,ERROR,ERROR,ERROR,PUSH_GOTO S145 NoSem,ERROR,ERROR,ERROR,ERROR,ERROR,PUSH_GOTO S145 NoSem,PUSH_GOTO S145 NoSem,ERROR,ERROR,ERROR,ERROR,ERROR,ERROR,ERROR,ERROR,ERROR,ERROR,ERROR,ERROR,ERROR,ERROR,ERROR,ERROR,ERROR,ERROR,ERROR,GOTO S142 NoSem,ERROR,ERROR,ERROR,ERROR,ERROR,ERROR,ERROR,ERROR,ERROR,ERROR,ERROR,ERROR,ERROR,ERROR,ERROR,ERROR,ERROR,ERROR,ERROR,ERROR
142,REDUCE G,SHIFT S143 NoSem,REDUCE G,ERROR,REDUCE G,SHIFT S144 NoSem,ERROR,ERROR,REDUCE G,ERROR,ERROR,ERROR,REDUCE G,ERROR,REDUCE G,REDUCE G,REDUCE G,REDUCE G,REDUCE G,REDUCE G,ERROR,REDUCE G,REDUCE G,ERROR,REDUCE G,REDUCE G,REDUCE G,REDUCE G,ERROR,REDUCE G,REDUCE G,ERROR,ERROR,ERROR,ERROR,ERROR,ERROR,REDUCE G,REDUCE G,REDUCE G,ERROR,ERROR,ERROR,ERROR,REDUCE G,REDUCE G,REDUCE G,ERROR,REDUCE G,REDUCE G,REDUCE G,ERROR,ERROR,ERROR,ERROR,ERROR,ERROR,ERROR,ERROR,ERROR,ERROR,ERROR,ERROR,ERROR,ERROR,ERROR,ERROR,ERROR,ERROR,ERROR,ERROR,ERROR,ERROR,ERROR,ERROR,ERROR,ERROR,ERROR,ERROR,ERROR,ERROR,ERROR,ERROR,ERROR
143,ERROR,ERROR,ERROR,ERROR,ERROR,ERROR,PUSH_GOTO S145 NoSem,PUSH_GOTO S145 NoSem,ERROR,ERROR,PUSH_GOTO S145 NoSem,ERROR,ERROR,PUSH_GOTO S145 NoSem,ERROR,ERROR,ERROR,ERROR,ERROR,ERROR,PUSH_GOTO S145 NoSem,ERROR,ERROR,ERROR,ERROR,ERROR,ERROR,ERROR,ERROR,ERROR,ERROR,ERROR,PUSH_GOTO S145 NoSem,ERROR,ERROR,ERROR,PUSH_GOTO S145 NoSem,ERROR,ERROR,ERROR,ERROR,ERROR,PUSH_GOTO S145 NoSem,PUSH_GOTO S145 NoSem,ERROR,ERROR,ERROR,ERROR,ERROR,ERROR,ERROR,ERROR,ERROR,ERROR,ERROR,ERROR,ERROR,ERROR,ERROR,ERROR,ERROR,ERROR,ERROR,GOTO S142 @add,ERROR,ERROR,ERROR,ERROR,ERROR,ERROR,ERROR,ERROR,ERROR,ERROR,ERROR,ERROR,ERROR,ERROR,ERROR,ERROR,ERROR,ERROR,ERROR,ERROR
144,ERROR,ERROR,ERROR,ERROR,ERROR,ERROR,PUSH_GOTO S145 NoSem,PUSH_GOTO S145 NoSem,ERROR,ERROR,PUSH_GOTO S145 NoSem,ERROR,ERROR,PUSH_GOTO S145 NoSem,ERROR,ERROR,ERROR,ERROR,ERROR,ERROR,PUSH_GOTO S145 NoSem,ERROR,ERROR,ERROR,ERROR,ERROR,ERROR,ERROR,ERROR,ERROR,ERROR,ERROR,PUSH_GOTO S145 NoSem,ERROR,ERROR,ERROR,PUSH_GOTO S145 NoSem,ERROR,ERROR,ERROR,ERROR,ERROR,PUSH_GOTO S145 NoSem,PUSH_GOTO S145 NoSem,ERROR,ERROR,ERROR,ERROR,ERROR,ERROR,ERROR,ERROR,ERROR,ERROR,ERROR,ERROR,ERROR,ERROR,ERROR,ERROR,ERROR,ERROR,ERROR,GOTO S142 @sub,ERROR,ERROR,ERROR,ERROR,ERROR,ERROR,ERROR,ERROR,ERROR,ERROR,ERROR,ERROR,ERROR,ERROR,ERROR,ERROR,ERROR,ERROR,ERROR,ERROR
145,ERROR,ERROR,ERROR,ERROR,ERROR,ERROR,PUSH_GOTO S91 NoSem,PUSH_GOTO S91 NoSem,ERROR,ERROR,PUSH_GOTO S91 NoSem,ERROR,ERROR,PUSH_GOTO S91 NoSem,ERROR,ERROR,ERROR,ERROR,ERROR,ERROR,PUSH_GOTO S91 NoSem,ERROR,ERROR,ERROR,ERROR,ERROR,ERROR,ERROR,ERROR,ERROR,ERROR,ERROR,PUSH_GOTO S91 NoSem,ERROR,ERROR,ERROR,PUSH_GOTO S91 NoSem,ERROR,ERROR,ERROR,ERROR,ERROR,PUSH_GOTO S91 NoSem,PUSH_GOTO S91 NoSem,ERROR,ERROR,ERROR,ERROR,ERROR,ERROR,ERROR,ERROR,ERROR,ERROR,ERROR,ERROR,ERROR,ERROR,ERROR,ERROR,ERROR,ERROR,ERROR,ERROR,GOTO S146 NoSem,ERROR,ERROR,ERROR,ERROR,ERROR,ERROR,ERROR,ERROR,ERROR,ERROR,ERROR,ERROR,ERROR,ERROR,ERROR,ERROR,ERROR,ERROR,ERROR
146,REDUCE H,REDUCE H,REDUCE H,ERROR,REDUCE H,SHIFT S148 NoSem,ERROR,ERROR,REDUCE H,ERROR,ERROR,ERROR,REDUCE H,ERROR,REDUCE H,REDUCE H,REDUCE H,REDUCE H,REDUCE H,REDUCE H,ERROR,REDUCE H,REDUCE H,ERROR,REDUCE H,SHIFT S147 NoSem,REDUCE H,REDUCE H,ERROR,REDUCE H,REDUCE H,ERROR,ERROR,ERROR,ERROR,ERROR,ERROR,REDUCE H,REDUCE H,REDUCE H,ERROR,ERROR,ERROR,ERROR,REDUCE H,REDUCE H,REDUCE H,ERROR,REDUCE H,REDUCE H,SHIFT S149 NoSem,ERROR,ERROR,ERROR,ERROR,ERROR,ERROR,ERROR,ERROR,ERROR,ERROR,ERROR,ERROR,ERROR,ERROR,ERROR,ERROR,ERROR,ERROR,ERROR,ERROR,ERROR,ERROR,ERROR,ERROR,ERROR,ERROR,ERROR,ERROR,ERROR,ERROR,ERROR,ERROR,ERROR
147,ERROR,ERROR,ERROR,ERROR,ERROR,ERROR,PUSH_GOTO S91 NoSem,PUSH_GOTO S91 NoSem,ERROR,ERROR,PUSH_GOTO S91 NoSem,ERROR,ERROR,PUSH_GOTO S91 NoSem,ERROR,ERROR,ERROR,ERROR,ERROR,ERROR,PUSH_GOTO S91 NoSem,ERROR,ERROR,ERROR,ERROR,ERROR,ERROR,ERROR,ERROR,ERROR,ERROR,ERROR,PUSH_GOTO S91 NoSem,ERROR,ERROR,ERROR,PUSH_GOTO S91 NoSem,ERROR,ERROR,ERROR,ERROR,ERROR,PUSH_GOTO S91 NoSem,PUSH_GOTO S91 NoSem,ERROR,ERROR,ERROR,ERROR,ERROR,ERROR,ERROR,ERROR,ERROR,ERROR,ERROR,ERROR,ERROR,ERROR,ERROR,ERROR,ERROR,ERROR,ERROR,ERROR,GOTO S146 @mult,ERROR,ERROR,ERROR,ERROR,ERROR,ERROR,ERROR,ERROR,ERROR,ERROR,ERROR,ERROR,ERROR,ERROR,ERROR,ERROR,ERROR,ERROR,ERROR
148,ERROR,ERROR,ERROR,ERROR,ERROR,ERROR,PUSH_GOTO S91 NoSem,PUSH_GOTO S91 NoSem,ERROR,ERROR,PUSH_GOTO S91 NoSem,ERROR,ERROR,PUSH_GOTO S91 NoSem,ERROR,ERROR,ERROR,ERROR,ERROR,ERROR,PUSH_GOTO S91 NoSem,ERROR,ERROR,ERROR,ERROR,ERROR,ERROR,ERROR,ERROR,ERROR,ERROR,ERROR,PUSH_GOTO S91 NoSem,ERROR,ERROR,ERROR,PUSH_GOTO S91 NoSem,ERROR,ERROR,ERROR,ERROR,ERROR,PUSH_GOTO S91 NoSem,PUSH_GOTO S91 NoSem,ERROR,ERROR,ERROR,ERROR,ERROR,ERROR,ERROR,ERROR,ERROR,ERROR,ERROR,ERROR,ERROR,ERROR,ERROR,ERROR,ERROR,ERROR,ERROR,ERROR,GOTO S146 @sub,ERROR,ERROR,ERROR,ERROR,ERROR,ERROR,ERROR,ERROR,ERROR,ERROR,ERROR,ERROR,ERROR,ERROR,ERROR,ERROR,ERROR,ERROR,ERROR
149,ERROR,ERROR,ERROR,ERROR,ERROR,ERROR,PUSH_GOTO S91 NoSem,PUSH_GOTO S91 NoSem,ERROR,ERROR,PUSH_GOTO S91 NoSem,ERROR,ERROR,PUSH_GOTO S91 NoSem,ERROR,ERROR,ERROR,ERROR,ERROR,ERROR,PUSH_GOTO S91 NoSem,ERROR,ERROR,ERROR,ERROR,ERROR,ERROR,ERROR,ERROR,ERROR,ERROR,ERROR,PUSH_GOTO S91 NoSem,ERROR,ERROR,ERROR,PUSH_GOTO S91 NoSem,ERROR,ERROR,ERROR,ERROR,ERROR,PUSH_GOTO S91 NoSem,PUSH_GOTO S91 NoSem,ERROR,ERROR,ERROR,ERROR,ERROR,ERROR,ERROR,ERROR,ERROR,ERROR,ERROR,ERROR,ERROR,ERROR,ERROR,ERROR,ERROR,ERROR,ERROR,ERROR,GOTO S146 @rem,ERROR,ERROR,ERROR,ERROR,ERROR,ERROR,ERROR,ERROR,ERROR,ERROR,ERROR,ERROR,ERROR,ERROR,ERROR,ERROR,ERROR,ERROR,ERROR
150,ERROR,ERROR,ERROR,ERROR,ERROR,ERROR,ERROR,PUSH_GOTO S80 NoSem,ERROR,ERROR,PUSH_GOTO S80 NoSem,PUSH_GOTO S80 NoSem,ERROR,ERROR,ERROR,ERROR,ERROR,ERROR,ERROR,ERROR,ERROR,ERROR,ERROR,REDUCE BLOCK_PRIME,ERROR,ERROR,ERROR,ERROR,ERROR,ERROR,ERROR,ERROR,ERROR,ERROR,PUSH_GOTO S80 NoSem,ERROR,ERROR,ERROR,ERROR,ERROR,ERROR,ERROR,ERROR,ERROR,ERROR,ERROR,ERROR,PUSH_GOTO S80 NoSem,ERROR,ERROR,ERROR,ERROR,ERROR,ERROR,ERROR,ERROR,ERROR,ERROR,ERROR,ERROR,ERROR,ERROR,ERROR,ERROR,ERROR,ERROR,ERROR,ERROR,ERROR,ERROR,ERROR,ERROR,ERROR,ERROR,ERROR,ERROR,ERROR,ERROR,ERROR,GOTO S151 NoSem,ERROR,ERROR,ERROR,ERROR
151,ERROR,ERROR,ERROR,ERROR,ERROR,ERROR,ERROR,ERROR,SHIFT S150 NoSem,ERROR,ERROR,ERROR,ERROR,ERROR,ERROR,ERROR,ERROR,ERROR,ERROR,ERROR,ERROR,ERROR,ERROR,ERROR,ERROR,ERROR,ERROR,ERROR,ERROR,ERROR,ERROR,ERROR,ERROR,ERROR,ERROR,ERROR,ERROR,ERROR,ERROR,ERROR,ERROR,ERROR,ERROR,ERROR,ERROR,ERROR,ERROR,ERROR,ERROR,ERROR,ERROR,ERROR,ERROR,ERROR,ERROR,ERROR,ERROR,ERROR,ERROR,ERROR,ERROR,ERROR,ERROR,ERROR,ERROR,ERROR,ERROR,ERROR,ERROR,ERROR,ERROR,ERROR,ERROR,ERROR,ERROR,ERROR,ERROR,ERROR,ERROR,ERROR,ERROR,ERROR,ERROR,ERROR

