States,$,ASEQ,ADD,ARRAY,LBRA,RPAR,CHAR,DO,BEGIN,INT,DIVIDE,STR,RETURN,LPAR,SEMICOLON,OF,ELSE,CHARACTER,ID,IF,INTEGER,COMMA,SUB,PROCEDURE,OR,MOD,BOR,COLON,BAND,EQ,FUNCTION,BOOLEAN,REA,GEQ,NOT,AND,REAL,RBRA,LEQ,STRING,WHILE,THEN,END,MULTIPLY,XOR,LES,NEQ,GRE,BULK_ASSIGNMENT,ID_ARRAY,FUNCTION_CALL,VAR_DCL,LOOP,BINARY_OP,BLOCK,CONSTANT,ARRAY_DIMENSION,STMT,FUNC_DEF,CONDITIONAL,SIMPLE_VAR,ARGUEMENT,FUNCTION_CALL_PRIME,UNARY_OP,PROC_DEF,EXPR,ASSIGNMENT,MAIN,id,ARRAY_VAR,TYPE
0,ERROR,ERROR,ERROR,PUSH_GOTO S30 NoSem,ERROR,ERROR,PUSH_GOTO S30 NoSem,ERROR,ERROR,ERROR,ERROR,ERROR,ERROR,ERROR,ERROR,ERROR,ERROR,ERROR,ERROR,ERROR,PUSH_GOTO S30 NoSem,ERROR,ERROR,PUSH_GOTO S67 NoSem,ERROR,ERROR,ERROR,ERROR,ERROR,ERROR,PUSH_GOTO S58 NoSem,PUSH_GOTO S30 NoSem,ERROR,ERROR,ERROR,ERROR,PUSH_GOTO S30 NoSem,ERROR,ERROR,PUSH_GOTO S30 NoSem,ERROR,ERROR,ERROR,ERROR,ERROR,ERROR,ERROR,ERROR,ERROR,ERROR,ERROR,GOTO S1 NoSem,ERROR,ERROR,ERROR,ERROR,ERROR,ERROR,GOTO S1 NoSem,ERROR,ERROR,ERROR,ERROR,ERROR,GOTO S1 NoSem,ERROR,ERROR,ERROR,ERROR,ERROR,ERROR
1,ACCEPT NoSem,ERROR,ERROR,PUSH_GOTO S30 NoSem,ERROR,ERROR,PUSH_GOTO S30 NoSem,ERROR,ERROR,ERROR,ERROR,ERROR,ERROR,ERROR,ERROR,ERROR,ERROR,ERROR,ERROR,ERROR,PUSH_GOTO S30 NoSem,ERROR,ERROR,PUSH_GOTO S67 NoSem,ERROR,ERROR,ERROR,ERROR,ERROR,ERROR,PUSH_GOTO S58 NoSem,PUSH_GOTO S30 NoSem,ERROR,ERROR,ERROR,ERROR,PUSH_GOTO S30 NoSem,ERROR,ERROR,PUSH_GOTO S30 NoSem,ERROR,ERROR,ERROR,ERROR,ERROR,ERROR,ERROR,ERROR,ERROR,ERROR,ERROR,GOTO S1 NoSem,ERROR,ERROR,ERROR,ERROR,ERROR,ERROR,GOTO S1 NoSem,ERROR,ERROR,ERROR,ERROR,ERROR,GOTO S1 NoSem,ERROR,ERROR,ERROR,ERROR,ERROR,ERROR
2,ERROR,ERROR,ERROR,ERROR,ERROR,ERROR,ERROR,ERROR,ERROR,ERROR,ERROR,ERROR,ERROR,ERROR,ERROR,ERROR,ERROR,ERROR,ERROR,ERROR,ERROR,ERROR,ERROR,ERROR,ERROR,ERROR,ERROR,ERROR,ERROR,ERROR,ERROR,ERROR,ERROR,ERROR,ERROR,ERROR,ERROR,ERROR,ERROR,ERROR,SHIFT S3 NoSem,ERROR,ERROR,ERROR,ERROR,ERROR,ERROR,ERROR,ERROR,ERROR,ERROR,ERROR,ERROR,ERROR,ERROR,ERROR,ERROR,ERROR,ERROR,ERROR,ERROR,ERROR,ERROR,ERROR,ERROR,ERROR,ERROR,ERROR,ERROR,ERROR,ERROR
3,ERROR,ERROR,ERROR,ERROR,ERROR,ERROR,ERROR,ERROR,ERROR,ERROR,ERROR,ERROR,ERROR,SHIFT S4 NoSem,ERROR,ERROR,ERROR,ERROR,ERROR,ERROR,ERROR,ERROR,ERROR,ERROR,ERROR,ERROR,ERROR,ERROR,ERROR,ERROR,ERROR,ERROR,ERROR,ERROR,ERROR,ERROR,ERROR,ERROR,ERROR,ERROR,ERROR,ERROR,ERROR,ERROR,ERROR,ERROR,ERROR,ERROR,ERROR,ERROR,ERROR,ERROR,ERROR,ERROR,ERROR,ERROR,ERROR,ERROR,ERROR,ERROR,ERROR,ERROR,ERROR,ERROR,ERROR,ERROR,ERROR,ERROR,ERROR,ERROR,ERROR
4,ERROR,ERROR,ERROR,ERROR,ERROR,ERROR,ERROR,ERROR,ERROR,PUSH_GOTO S92 NoSem,ERROR,PUSH_GOTO S92 NoSem,ERROR,PUSH_GOTO S92 NoSem,ERROR,ERROR,ERROR,PUSH_GOTO S92 NoSem,PUSH_GOTO S92 NoSem,ERROR,ERROR,ERROR,PUSH_GOTO S92 NoSem,ERROR,ERROR,ERROR,ERROR,ERROR,ERROR,ERROR,ERROR,ERROR,PUSH_GOTO S92 NoSem,ERROR,PUSH_GOTO S92 NoSem,ERROR,ERROR,ERROR,ERROR,ERROR,ERROR,ERROR,ERROR,ERROR,ERROR,ERROR,ERROR,ERROR,ERROR,ERROR,ERROR,ERROR,ERROR,ERROR,ERROR,ERROR,ERROR,ERROR,ERROR,ERROR,ERROR,ERROR,ERROR,ERROR,ERROR,GOTO S5 NoSem,ERROR,ERROR,ERROR,ERROR,ERROR
5,ERROR,ERROR,ERROR,ERROR,ERROR,SHIFT S6 NoSem,ERROR,ERROR,ERROR,ERROR,ERROR,ERROR,ERROR,ERROR,ERROR,ERROR,ERROR,ERROR,ERROR,ERROR,ERROR,ERROR,ERROR,ERROR,ERROR,ERROR,ERROR,ERROR,ERROR,ERROR,ERROR,ERROR,ERROR,ERROR,ERROR,ERROR,ERROR,ERROR,ERROR,ERROR,ERROR,ERROR,ERROR,ERROR,ERROR,ERROR,ERROR,ERROR,ERROR,ERROR,ERROR,ERROR,ERROR,ERROR,ERROR,ERROR,ERROR,ERROR,ERROR,ERROR,ERROR,ERROR,ERROR,ERROR,ERROR,ERROR,ERROR,ERROR,ERROR,ERROR,ERROR
6,ERROR,ERROR,ERROR,ERROR,ERROR,ERROR,ERROR,SHIFT S7 NoSem,ERROR,ERROR,ERROR,ERROR,ERROR,ERROR,ERROR,ERROR,ERROR,ERROR,ERROR,ERROR,ERROR,ERROR,ERROR,ERROR,ERROR,ERROR,ERROR,ERROR,ERROR,ERROR,ERROR,ERROR,ERROR,ERROR,ERROR,ERROR,ERROR,ERROR,ERROR,ERROR,ERROR,ERROR,ERROR,ERROR,ERROR,ERROR,ERROR,ERROR,ERROR,ERROR,ERROR,ERROR,ERROR,ERROR,ERROR,ERROR,ERROR,ERROR,ERROR,ERROR,ERROR,ERROR,ERROR,ERROR,ERROR,ERROR,ERROR,ERROR,ERROR,ERROR,ERROR
7,ERROR,ERROR,ERROR,ERROR,ERROR,ERROR,ERROR,ERROR,PUSH_GOTO S77 NoSem,ERROR,ERROR,ERROR,ERROR,ERROR,ERROR,ERROR,ERROR,ERROR,ERROR,ERROR,ERROR,ERROR,ERROR,ERROR,ERROR,ERROR,ERROR,ERROR,ERROR,ERROR,ERROR,ERROR,ERROR,ERROR,ERROR,ERROR,ERROR,ERROR,ERROR,ERROR,ERROR,ERROR,ERROR,ERROR,ERROR,ERROR,ERROR,ERROR,ERROR,ERROR,ERROR,ERROR,ERROR,ERROR,GOTO S8 NoSem,ERROR,ERROR,ERROR,ERROR,ERROR,ERROR,ERROR,ERROR,ERROR,ERROR,ERROR,ERROR,ERROR,ERROR,ERROR,ERROR
8,ERROR,ERROR,ERROR,ERROR,ERROR,ERROR,ERROR,ERROR,ERROR,ERROR,ERROR,ERROR,ERROR,ERROR,REDUCE LOOP,ERROR,ERROR,ERROR,ERROR,ERROR,ERROR,ERROR,ERROR,ERROR,ERROR,ERROR,ERROR,ERROR,ERROR,ERROR,ERROR,ERROR,ERROR,ERROR,ERROR,ERROR,ERROR,ERROR,ERROR,ERROR,ERROR,ERROR,ERROR,ERROR,ERROR,ERROR,ERROR,ERROR,ERROR,ERROR,ERROR,ERROR,ERROR,ERROR,ERROR,ERROR,ERROR,ERROR,ERROR,ERROR,ERROR,ERROR,ERROR,ERROR,ERROR,ERROR,ERROR,ERROR,ERROR,ERROR,ERROR
9,ERROR,ERROR,ERROR,ERROR,ERROR,ERROR,ERROR,ERROR,ERROR,ERROR,ERROR,ERROR,ERROR,ERROR,ERROR,ERROR,ERROR,ERROR,ERROR,SHIFT S10 NoSem,ERROR,ERROR,ERROR,ERROR,ERROR,ERROR,ERROR,ERROR,ERROR,ERROR,ERROR,ERROR,ERROR,ERROR,ERROR,ERROR,ERROR,ERROR,ERROR,ERROR,ERROR,ERROR,ERROR,ERROR,ERROR,ERROR,ERROR,ERROR,ERROR,ERROR,ERROR,ERROR,ERROR,ERROR,ERROR,ERROR,ERROR,ERROR,ERROR,ERROR,ERROR,ERROR,ERROR,ERROR,ERROR,ERROR,ERROR,ERROR,ERROR,ERROR,ERROR
10,ERROR,ERROR,ERROR,ERROR,ERROR,ERROR,ERROR,ERROR,ERROR,ERROR,ERROR,ERROR,ERROR,SHIFT S11 NoSem,ERROR,ERROR,ERROR,ERROR,ERROR,ERROR,ERROR,ERROR,ERROR,ERROR,ERROR,ERROR,ERROR,ERROR,ERROR,ERROR,ERROR,ERROR,ERROR,ERROR,ERROR,ERROR,ERROR,ERROR,ERROR,ERROR,ERROR,ERROR,ERROR,ERROR,ERROR,ERROR,ERROR,ERROR,ERROR,ERROR,ERROR,ERROR,ERROR,ERROR,ERROR,ERROR,ERROR,ERROR,ERROR,ERROR,ERROR,ERROR,ERROR,ERROR,ERROR,ERROR,ERROR,ERROR,ERROR,ERROR,ERROR
11,ERROR,ERROR,ERROR,ERROR,ERROR,ERROR,ERROR,ERROR,ERROR,PUSH_GOTO S92 NoSem,ERROR,PUSH_GOTO S92 NoSem,ERROR,PUSH_GOTO S92 NoSem,ERROR,ERROR,ERROR,PUSH_GOTO S92 NoSem,PUSH_GOTO S92 NoSem,ERROR,ERROR,ERROR,PUSH_GOTO S92 NoSem,ERROR,ERROR,ERROR,ERROR,ERROR,ERROR,ERROR,ERROR,ERROR,PUSH_GOTO S92 NoSem,ERROR,PUSH_GOTO S92 NoSem,ERROR,ERROR,ERROR,ERROR,ERROR,ERROR,ERROR,ERROR,ERROR,ERROR,ERROR,ERROR,ERROR,ERROR,ERROR,ERROR,ERROR,ERROR,ERROR,ERROR,ERROR,ERROR,ERROR,ERROR,ERROR,ERROR,ERROR,ERROR,ERROR,ERROR,GOTO S12 NoSem,ERROR,ERROR,ERROR,ERROR,ERROR
12,ERROR,ERROR,ERROR,ERROR,ERROR,SHIFT S13 NoSem,ERROR,ERROR,ERROR,ERROR,ERROR,ERROR,ERROR,ERROR,ERROR,ERROR,ERROR,ERROR,ERROR,ERROR,ERROR,ERROR,ERROR,ERROR,ERROR,ERROR,ERROR,ERROR,ERROR,ERROR,ERROR,ERROR,ERROR,ERROR,ERROR,ERROR,ERROR,ERROR,ERROR,ERROR,ERROR,ERROR,ERROR,ERROR,ERROR,ERROR,ERROR,ERROR,ERROR,ERROR,ERROR,ERROR,ERROR,ERROR,ERROR,ERROR,ERROR,ERROR,ERROR,ERROR,ERROR,ERROR,ERROR,ERROR,ERROR,ERROR,ERROR,ERROR,ERROR,ERROR,ERROR
13,ERROR,ERROR,ERROR,ERROR,ERROR,ERROR,ERROR,ERROR,ERROR,ERROR,ERROR,ERROR,ERROR,ERROR,ERROR,ERROR,ERROR,ERROR,ERROR,ERROR,ERROR,ERROR,ERROR,ERROR,ERROR,ERROR,ERROR,ERROR,ERROR,ERROR,ERROR,ERROR,ERROR,ERROR,ERROR,ERROR,ERROR,ERROR,ERROR,ERROR,ERROR,SHIFT S14 NoSem,ERROR,ERROR,ERROR,ERROR,ERROR,ERROR,ERROR,ERROR,ERROR,ERROR,ERROR,ERROR,ERROR,ERROR,ERROR,ERROR,ERROR,ERROR,ERROR,ERROR,ERROR,ERROR,ERROR,ERROR,ERROR,ERROR,ERROR,ERROR,ERROR
14,ERROR,ERROR,ERROR,ERROR,ERROR,ERROR,ERROR,ERROR,PUSH_GOTO S77 NoSem,ERROR,ERROR,ERROR,ERROR,ERROR,ERROR,ERROR,ERROR,ERROR,ERROR,ERROR,ERROR,ERROR,ERROR,ERROR,ERROR,ERROR,ERROR,ERROR,ERROR,ERROR,ERROR,ERROR,ERROR,ERROR,ERROR,ERROR,ERROR,ERROR,ERROR,ERROR,ERROR,ERROR,ERROR,ERROR,ERROR,ERROR,ERROR,ERROR,ERROR,ERROR,ERROR,ERROR,ERROR,ERROR,GOTO S15 NoSem,ERROR,ERROR,ERROR,ERROR,ERROR,ERROR,ERROR,ERROR,ERROR,ERROR,ERROR,ERROR,ERROR,ERROR,ERROR,ERROR
15,ERROR,ERROR,ERROR,ERROR,ERROR,ERROR,ERROR,ERROR,ERROR,ERROR,ERROR,ERROR,ERROR,ERROR,REDUCE CONDITIONAL,ERROR,SHIFT S16 NoSem,ERROR,ERROR,ERROR,ERROR,ERROR,ERROR,ERROR,ERROR,ERROR,ERROR,ERROR,ERROR,ERROR,ERROR,ERROR,ERROR,ERROR,ERROR,ERROR,ERROR,ERROR,ERROR,ERROR,ERROR,ERROR,ERROR,ERROR,ERROR,ERROR,ERROR,ERROR,ERROR,ERROR,ERROR,ERROR,ERROR,ERROR,ERROR,ERROR,ERROR,ERROR,ERROR,ERROR,ERROR,ERROR,ERROR,ERROR,ERROR,ERROR,ERROR,ERROR,ERROR,ERROR,ERROR
16,ERROR,ERROR,ERROR,ERROR,ERROR,ERROR,ERROR,ERROR,PUSH_GOTO S77 NoSem,ERROR,ERROR,ERROR,ERROR,ERROR,ERROR,ERROR,ERROR,ERROR,ERROR,ERROR,ERROR,ERROR,ERROR,ERROR,ERROR,ERROR,ERROR,ERROR,ERROR,ERROR,ERROR,ERROR,ERROR,ERROR,ERROR,ERROR,ERROR,ERROR,ERROR,ERROR,ERROR,ERROR,ERROR,ERROR,ERROR,ERROR,ERROR,ERROR,ERROR,ERROR,ERROR,ERROR,ERROR,ERROR,GOTO S15 NoSem,ERROR,ERROR,ERROR,ERROR,ERROR,ERROR,ERROR,ERROR,ERROR,ERROR,ERROR,ERROR,ERROR,ERROR,ERROR,ERROR
17,ERROR,ERROR,ERROR,ERROR,ERROR,ERROR,ERROR,ERROR,ERROR,ERROR,ERROR,ERROR,ERROR,ERROR,ERROR,ERROR,ERROR,ERROR,SHIFT S18 NoSem,ERROR,ERROR,ERROR,ERROR,ERROR,ERROR,ERROR,ERROR,ERROR,ERROR,ERROR,ERROR,ERROR,ERROR,ERROR,ERROR,ERROR,ERROR,ERROR,ERROR,ERROR,ERROR,ERROR,ERROR,ERROR,ERROR,ERROR,ERROR,ERROR,ERROR,ERROR,ERROR,ERROR,ERROR,ERROR,ERROR,ERROR,ERROR,ERROR,ERROR,ERROR,ERROR,ERROR,ERROR,ERROR,ERROR,ERROR,ERROR,ERROR,ERROR,ERROR,ERROR
18,ERROR,ERROR,ERROR,ERROR,ERROR,ERROR,ERROR,ERROR,ERROR,ERROR,ERROR,ERROR,ERROR,SHIFT S19 NoSem,ERROR,ERROR,ERROR,ERROR,ERROR,ERROR,ERROR,ERROR,ERROR,ERROR,ERROR,ERROR,ERROR,ERROR,ERROR,ERROR,ERROR,ERROR,ERROR,ERROR,ERROR,ERROR,ERROR,ERROR,ERROR,ERROR,ERROR,ERROR,ERROR,ERROR,ERROR,ERROR,ERROR,ERROR,ERROR,ERROR,ERROR,ERROR,ERROR,ERROR,ERROR,ERROR,ERROR,ERROR,ERROR,ERROR,ERROR,ERROR,ERROR,ERROR,ERROR,ERROR,ERROR,ERROR,ERROR,ERROR,ERROR
19,ERROR,ERROR,ERROR,ERROR,ERROR,SHIFT S23 NoSem,ERROR,ERROR,ERROR,PUSH_GOTO S92 NoSem,ERROR,PUSH_GOTO S92 NoSem,ERROR,PUSH_GOTO S92 NoSem,ERROR,ERROR,ERROR,PUSH_GOTO S92 NoSem,PUSH_GOTO S92 NoSem,ERROR,ERROR,ERROR,PUSH_GOTO S92 NoSem,ERROR,ERROR,ERROR,ERROR,ERROR,ERROR,ERROR,ERROR,ERROR,PUSH_GOTO S92 NoSem,ERROR,PUSH_GOTO S92 NoSem,ERROR,ERROR,ERROR,ERROR,ERROR,ERROR,ERROR,ERROR,ERROR,ERROR,ERROR,ERROR,ERROR,ERROR,ERROR,ERROR,ERROR,ERROR,ERROR,ERROR,ERROR,ERROR,ERROR,ERROR,ERROR,ERROR,ERROR,ERROR,ERROR,ERROR,GOTO S20 NoSem,ERROR,ERROR,ERROR,ERROR,ERROR
20,ERROR,ERROR,ERROR,ERROR,ERROR,SHIFT S23 NoSem,ERROR,ERROR,ERROR,ERROR,ERROR,ERROR,ERROR,ERROR,ERROR,ERROR,ERROR,ERROR,ERROR,ERROR,ERROR,SHIFT S21 NoSem,ERROR,ERROR,ERROR,ERROR,ERROR,ERROR,ERROR,ERROR,ERROR,ERROR,ERROR,ERROR,ERROR,ERROR,ERROR,ERROR,ERROR,ERROR,ERROR,ERROR,ERROR,ERROR,ERROR,ERROR,ERROR,ERROR,ERROR,ERROR,ERROR,ERROR,ERROR,ERROR,ERROR,ERROR,ERROR,ERROR,ERROR,ERROR,ERROR,ERROR,ERROR,ERROR,ERROR,ERROR,ERROR,ERROR,ERROR,ERROR,ERROR
21,ERROR,ERROR,ERROR,ERROR,ERROR,ERROR,ERROR,ERROR,ERROR,PUSH_GOTO S92 NoSem,ERROR,PUSH_GOTO S92 NoSem,ERROR,PUSH_GOTO S92 NoSem,ERROR,ERROR,ERROR,PUSH_GOTO S92 NoSem,PUSH_GOTO S92 NoSem,ERROR,ERROR,ERROR,PUSH_GOTO S92 NoSem,ERROR,ERROR,ERROR,ERROR,ERROR,ERROR,ERROR,ERROR,ERROR,PUSH_GOTO S92 NoSem,ERROR,PUSH_GOTO S92 NoSem,ERROR,ERROR,ERROR,ERROR,ERROR,ERROR,ERROR,ERROR,ERROR,ERROR,ERROR,ERROR,ERROR,ERROR,ERROR,ERROR,ERROR,ERROR,ERROR,ERROR,ERROR,ERROR,ERROR,ERROR,ERROR,ERROR,ERROR,ERROR,ERROR,ERROR,GOTO S22 NoSem,ERROR,ERROR,ERROR,ERROR,ERROR
22,ERROR,ERROR,ERROR,ERROR,ERROR,SHIFT S23 NoSem,ERROR,ERROR,ERROR,ERROR,ERROR,ERROR,ERROR,ERROR,ERROR,ERROR,ERROR,ERROR,ERROR,ERROR,ERROR,SHIFT S21 NoSem,ERROR,ERROR,ERROR,ERROR,ERROR,ERROR,ERROR,ERROR,ERROR,ERROR,ERROR,ERROR,ERROR,ERROR,ERROR,ERROR,ERROR,ERROR,ERROR,ERROR,ERROR,ERROR,ERROR,ERROR,ERROR,ERROR,ERROR,ERROR,ERROR,ERROR,ERROR,ERROR,ERROR,ERROR,ERROR,ERROR,ERROR,ERROR,ERROR,ERROR,ERROR,ERROR,ERROR,ERROR,ERROR,ERROR,ERROR,ERROR,ERROR
23,ERROR,ERROR,ERROR,ERROR,ERROR,ERROR,ERROR,ERROR,ERROR,ERROR,ERROR,ERROR,ERROR,ERROR,ERROR,ERROR,ERROR,ERROR,ERROR,ERROR,ERROR,ERROR,ERROR,ERROR,ERROR,ERROR,ERROR,ERROR,ERROR,ERROR,ERROR,ERROR,ERROR,ERROR,ERROR,ERROR,ERROR,ERROR,ERROR,ERROR,ERROR,ERROR,ERROR,ERROR,ERROR,ERROR,ERROR,ERROR,ERROR,ERROR,ERROR,ERROR,ERROR,ERROR,ERROR,ERROR,ERROR,ERROR,ERROR,ERROR,ERROR,ERROR,ERROR,ERROR,ERROR,ERROR,ERROR,ERROR,ERROR,ERROR,ERROR
24,ERROR,ERROR,ERROR,ERROR,ERROR,ERROR,ERROR,ERROR,ERROR,ERROR,ERROR,ERROR,ERROR,ERROR,ERROR,ERROR,ERROR,ERROR,SHIFT S25 NoSem,ERROR,ERROR,ERROR,ERROR,ERROR,ERROR,ERROR,ERROR,ERROR,ERROR,ERROR,ERROR,ERROR,ERROR,ERROR,ERROR,ERROR,ERROR,ERROR,ERROR,ERROR,ERROR,ERROR,ERROR,ERROR,ERROR,ERROR,ERROR,ERROR,ERROR,ERROR,ERROR,ERROR,ERROR,ERROR,ERROR,ERROR,ERROR,ERROR,ERROR,ERROR,ERROR,ERROR,ERROR,ERROR,ERROR,ERROR,ERROR,ERROR,ERROR,ERROR,ERROR
25,ERROR,ERROR,ERROR,ERROR,SHIFT S26 NoSem,REDUCE id,ERROR,ERROR,ERROR,ERROR,ERROR,ERROR,ERROR,ERROR,ERROR,ERROR,ERROR,ERROR,ERROR,ERROR,ERROR,REDUCE id,ERROR,ERROR,ERROR,ERROR,ERROR,ERROR,ERROR,ERROR,ERROR,ERROR,ERROR,ERROR,ERROR,ERROR,ERROR,ERROR,ERROR,ERROR,ERROR,ERROR,ERROR,ERROR,ERROR,ERROR,ERROR,ERROR,ERROR,ERROR,ERROR,ERROR,ERROR,ERROR,ERROR,ERROR,ERROR,ERROR,ERROR,ERROR,ERROR,ERROR,ERROR,ERROR,ERROR,ERROR,ERROR,ERROR,ERROR,ERROR,ERROR
26,ERROR,ERROR,ERROR,ERROR,ERROR,ERROR,ERROR,ERROR,ERROR,PUSH_GOTO S92 NoSem,ERROR,PUSH_GOTO S92 NoSem,ERROR,PUSH_GOTO S92 NoSem,ERROR,ERROR,ERROR,PUSH_GOTO S92 NoSem,PUSH_GOTO S92 NoSem,ERROR,ERROR,ERROR,PUSH_GOTO S92 NoSem,ERROR,ERROR,ERROR,ERROR,ERROR,ERROR,ERROR,ERROR,ERROR,PUSH_GOTO S92 NoSem,ERROR,PUSH_GOTO S92 NoSem,ERROR,ERROR,ERROR,ERROR,ERROR,ERROR,ERROR,ERROR,ERROR,ERROR,ERROR,ERROR,ERROR,ERROR,ERROR,ERROR,ERROR,ERROR,ERROR,ERROR,ERROR,ERROR,ERROR,ERROR,ERROR,ERROR,ERROR,ERROR,ERROR,ERROR,GOTO S27 NoSem,ERROR,ERROR,ERROR,ERROR,ERROR
27,ERROR,ERROR,ERROR,ERROR,ERROR,ERROR,ERROR,ERROR,ERROR,ERROR,ERROR,ERROR,ERROR,ERROR,ERROR,ERROR,ERROR,ERROR,ERROR,ERROR,ERROR,SHIFT S28 NoSem,ERROR,ERROR,ERROR,ERROR,ERROR,ERROR,ERROR,ERROR,ERROR,ERROR,ERROR,ERROR,ERROR,ERROR,ERROR,SHIFT S25 NoSem,ERROR,ERROR,ERROR,ERROR,ERROR,ERROR,ERROR,ERROR,ERROR,ERROR,ERROR,ERROR,ERROR,ERROR,ERROR,ERROR,ERROR,ERROR,ERROR,ERROR,ERROR,ERROR,ERROR,ERROR,ERROR,ERROR,ERROR,ERROR,ERROR,ERROR,ERROR,ERROR,ERROR
28,ERROR,ERROR,ERROR,ERROR,ERROR,ERROR,ERROR,ERROR,ERROR,PUSH_GOTO S92 NoSem,ERROR,PUSH_GOTO S92 NoSem,ERROR,PUSH_GOTO S92 NoSem,ERROR,ERROR,ERROR,PUSH_GOTO S92 NoSem,PUSH_GOTO S92 NoSem,ERROR,ERROR,ERROR,PUSH_GOTO S92 NoSem,ERROR,ERROR,ERROR,ERROR,ERROR,ERROR,ERROR,ERROR,ERROR,PUSH_GOTO S92 NoSem,ERROR,PUSH_GOTO S92 NoSem,ERROR,ERROR,ERROR,ERROR,ERROR,ERROR,ERROR,ERROR,ERROR,ERROR,ERROR,ERROR,ERROR,ERROR,ERROR,ERROR,ERROR,ERROR,ERROR,ERROR,ERROR,ERROR,ERROR,ERROR,ERROR,ERROR,ERROR,ERROR,ERROR,ERROR,GOTO S29 NoSem,ERROR,ERROR,ERROR,ERROR,ERROR
29,ERROR,ERROR,ERROR,ERROR,ERROR,ERROR,ERROR,ERROR,ERROR,ERROR,ERROR,ERROR,ERROR,ERROR,ERROR,ERROR,ERROR,ERROR,ERROR,ERROR,ERROR,SHIFT S28 NoSem,ERROR,ERROR,ERROR,ERROR,ERROR,ERROR,ERROR,ERROR,ERROR,ERROR,ERROR,ERROR,ERROR,ERROR,ERROR,SHIFT S25 NoSem,ERROR,ERROR,ERROR,ERROR,ERROR,ERROR,ERROR,ERROR,ERROR,ERROR,ERROR,ERROR,ERROR,ERROR,ERROR,ERROR,ERROR,ERROR,ERROR,ERROR,ERROR,ERROR,ERROR,ERROR,ERROR,ERROR,ERROR,ERROR,ERROR,ERROR,ERROR,ERROR,ERROR
30,ERROR,ERROR,ERROR,PUSH_GOTO S42 NoSem,ERROR,ERROR,PUSH_GOTO S35 NoSem,ERROR,ERROR,ERROR,ERROR,ERROR,ERROR,ERROR,ERROR,ERROR,ERROR,ERROR,ERROR,ERROR,PUSH_GOTO S35 NoSem,ERROR,ERROR,ERROR,ERROR,ERROR,ERROR,ERROR,ERROR,ERROR,ERROR,PUSH_GOTO S35 NoSem,ERROR,ERROR,ERROR,ERROR,PUSH_GOTO S35 NoSem,ERROR,ERROR,PUSH_GOTO S35 NoSem,ERROR,ERROR,ERROR,ERROR,ERROR,ERROR,ERROR,ERROR,ERROR,ERROR,ERROR,ERROR,ERROR,ERROR,ERROR,ERROR,ERROR,ERROR,ERROR,ERROR,GOTO S31 NoSem,ERROR,ERROR,ERROR,ERROR,ERROR,ERROR,ERROR,ERROR,GOTO S32 NoSem,ERROR
31,REDUCE VAR_DCL,ERROR,ERROR,REDUCE VAR_DCL,ERROR,REDUCE VAR_DCL,REDUCE VAR_DCL,ERROR,ERROR,ERROR,ERROR,ERROR,ERROR,ERROR,REDUCE VAR_DCL,ERROR,ERROR,ERROR,ERROR,ERROR,REDUCE VAR_DCL,ERROR,ERROR,REDUCE VAR_DCL,ERROR,ERROR,ERROR,ERROR,ERROR,ERROR,REDUCE VAR_DCL,REDUCE VAR_DCL,ERROR,ERROR,ERROR,ERROR,REDUCE VAR_DCL,ERROR,ERROR,REDUCE VAR_DCL,ERROR,ERROR,ERROR,ERROR,ERROR,ERROR,ERROR,ERROR,ERROR,ERROR,ERROR,ERROR,ERROR,ERROR,ERROR,ERROR,ERROR,ERROR,ERROR,ERROR,ERROR,ERROR,ERROR,ERROR,ERROR,ERROR,ERROR,ERROR,ERROR,ERROR,ERROR
32,REDUCE VAR_DCL,ERROR,ERROR,REDUCE VAR_DCL,ERROR,REDUCE VAR_DCL,REDUCE VAR_DCL,ERROR,ERROR,ERROR,ERROR,ERROR,ERROR,ERROR,REDUCE VAR_DCL,ERROR,ERROR,ERROR,ERROR,ERROR,REDUCE VAR_DCL,ERROR,ERROR,REDUCE VAR_DCL,ERROR,ERROR,ERROR,ERROR,ERROR,ERROR,REDUCE VAR_DCL,REDUCE VAR_DCL,ERROR,ERROR,ERROR,ERROR,REDUCE VAR_DCL,ERROR,ERROR,REDUCE VAR_DCL,ERROR,ERROR,ERROR,ERROR,ERROR,ERROR,ERROR,ERROR,ERROR,ERROR,ERROR,ERROR,ERROR,ERROR,ERROR,ERROR,ERROR,ERROR,ERROR,ERROR,ERROR,ERROR,ERROR,ERROR,ERROR,ERROR,ERROR,ERROR,ERROR,ERROR,ERROR
33,ERROR,ERROR,ERROR,ERROR,ERROR,ERROR,ERROR,ERROR,ERROR,ERROR,ERROR,ERROR,ERROR,ERROR,ERROR,ERROR,ERROR,ERROR,ERROR,ERROR,ERROR,ERROR,ERROR,ERROR,ERROR,ERROR,ERROR,SHIFT S30 NoSem,ERROR,ERROR,ERROR,ERROR,ERROR,ERROR,ERROR,ERROR,ERROR,ERROR,ERROR,ERROR,ERROR,ERROR,ERROR,ERROR,ERROR,ERROR,ERROR,ERROR,ERROR,ERROR,ERROR,ERROR,ERROR,ERROR,ERROR,ERROR,ERROR,ERROR,ERROR,ERROR,ERROR,ERROR,ERROR,ERROR,ERROR,ERROR,ERROR,ERROR,ERROR,ERROR,ERROR
34,ERROR,ERROR,ERROR,ERROR,ERROR,ERROR,ERROR,ERROR,ERROR,ERROR,ERROR,ERROR,ERROR,ERROR,ERROR,ERROR,ERROR,ERROR,SHIFT S33 NoSem,ERROR,ERROR,ERROR,ERROR,ERROR,ERROR,ERROR,ERROR,ERROR,ERROR,ERROR,ERROR,ERROR,ERROR,ERROR,ERROR,ERROR,ERROR,ERROR,ERROR,ERROR,ERROR,ERROR,ERROR,ERROR,ERROR,ERROR,ERROR,ERROR,ERROR,ERROR,ERROR,ERROR,ERROR,ERROR,ERROR,ERROR,ERROR,ERROR,ERROR,ERROR,ERROR,ERROR,ERROR,ERROR,ERROR,ERROR,ERROR,ERROR,ERROR,ERROR,ERROR
35,ERROR,ERROR,ERROR,ERROR,ERROR,ERROR,PUSH_GOTO S106 NoSem,ERROR,ERROR,ERROR,ERROR,ERROR,ERROR,ERROR,ERROR,ERROR,ERROR,ERROR,ERROR,ERROR,PUSH_GOTO S106 NoSem,ERROR,ERROR,ERROR,ERROR,ERROR,ERROR,ERROR,ERROR,ERROR,ERROR,PUSH_GOTO S106 NoSem,ERROR,ERROR,ERROR,ERROR,PUSH_GOTO S106 NoSem,ERROR,ERROR,PUSH_GOTO S106 NoSem,ERROR,ERROR,ERROR,ERROR,ERROR,ERROR,ERROR,ERROR,ERROR,ERROR,ERROR,ERROR,ERROR,ERROR,ERROR,ERROR,ERROR,ERROR,ERROR,ERROR,ERROR,ERROR,ERROR,ERROR,ERROR,ERROR,ERROR,ERROR,ERROR,ERROR,GOTO S36 NoSem
36,REDUCE SIMPLE_VAR,PUSH_GOTO S49 NoSem,ERROR,REDUCE SIMPLE_VAR,ERROR,REDUCE SIMPLE_VAR,REDUCE SIMPLE_VAR,ERROR,ERROR,ERROR,ERROR,ERROR,ERROR,ERROR,REDUCE SIMPLE_VAR,ERROR,ERROR,ERROR,ERROR,ERROR,REDUCE SIMPLE_VAR,ERROR,ERROR,REDUCE SIMPLE_VAR,ERROR,ERROR,ERROR,ERROR,ERROR,ERROR,REDUCE SIMPLE_VAR,REDUCE SIMPLE_VAR,ERROR,ERROR,ERROR,ERROR,REDUCE SIMPLE_VAR,ERROR,ERROR,REDUCE SIMPLE_VAR,ERROR,ERROR,ERROR,ERROR,ERROR,ERROR,ERROR,ERROR,ERROR,ERROR,ERROR,ERROR,ERROR,ERROR,ERROR,ERROR,ERROR,ERROR,ERROR,ERROR,ERROR,ERROR,ERROR,ERROR,ERROR,ERROR,GOTO S37 NoSem,ERROR,ERROR,ERROR,ERROR
37,ERROR,ERROR,ERROR,ERROR,ERROR,ERROR,ERROR,ERROR,ERROR,ERROR,ERROR,ERROR,ERROR,ERROR,ERROR,ERROR,ERROR,ERROR,ERROR,ERROR,ERROR,ERROR,ERROR,ERROR,ERROR,ERROR,ERROR,ERROR,ERROR,ERROR,ERROR,ERROR,ERROR,ERROR,ERROR,ERROR,ERROR,ERROR,ERROR,ERROR,ERROR,ERROR,ERROR,ERROR,ERROR,ERROR,ERROR,ERROR,ERROR,ERROR,ERROR,ERROR,ERROR,ERROR,ERROR,ERROR,ERROR,ERROR,ERROR,ERROR,ERROR,ERROR,ERROR,ERROR,ERROR,ERROR,ERROR,ERROR,ERROR,ERROR,ERROR
38,ERROR,ERROR,ERROR,ERROR,ERROR,ERROR,PUSH_GOTO S106 NoSem,ERROR,ERROR,ERROR,ERROR,ERROR,ERROR,ERROR,ERROR,ERROR,ERROR,ERROR,ERROR,ERROR,PUSH_GOTO S106 NoSem,ERROR,ERROR,ERROR,ERROR,ERROR,ERROR,ERROR,ERROR,ERROR,ERROR,PUSH_GOTO S106 NoSem,ERROR,ERROR,ERROR,ERROR,PUSH_GOTO S106 NoSem,ERROR,ERROR,PUSH_GOTO S106 NoSem,ERROR,ERROR,ERROR,ERROR,ERROR,ERROR,ERROR,ERROR,ERROR,ERROR,ERROR,ERROR,ERROR,ERROR,ERROR,ERROR,ERROR,ERROR,ERROR,ERROR,ERROR,ERROR,ERROR,ERROR,ERROR,ERROR,ERROR,ERROR,ERROR,ERROR,GOTO S39 NoSem
39,ERROR,ERROR,ERROR,ERROR,ERROR,ERROR,ERROR,ERROR,ERROR,ERROR,ERROR,ERROR,ERROR,ERROR,ERROR,SHIFT S40 NoSem,ERROR,ERROR,ERROR,ERROR,ERROR,ERROR,ERROR,ERROR,ERROR,ERROR,ERROR,ERROR,ERROR,ERROR,ERROR,ERROR,ERROR,ERROR,ERROR,ERROR,ERROR,ERROR,ERROR,ERROR,ERROR,ERROR,ERROR,ERROR,ERROR,ERROR,ERROR,ERROR,ERROR,ERROR,ERROR,ERROR,ERROR,ERROR,ERROR,ERROR,ERROR,ERROR,ERROR,ERROR,ERROR,ERROR,ERROR,ERROR,ERROR,ERROR,ERROR,ERROR,ERROR,ERROR,ERROR
40,ERROR,ERROR,ERROR,ERROR,PUSH_GOTO S43 NoSem,ERROR,ERROR,ERROR,ERROR,ERROR,ERROR,ERROR,ERROR,ERROR,ERROR,ERROR,ERROR,ERROR,ERROR,ERROR,ERROR,ERROR,ERROR,ERROR,ERROR,ERROR,ERROR,ERROR,ERROR,ERROR,ERROR,ERROR,ERROR,ERROR,ERROR,ERROR,ERROR,ERROR,ERROR,ERROR,ERROR,ERROR,ERROR,ERROR,ERROR,ERROR,ERROR,ERROR,ERROR,ERROR,ERROR,ERROR,ERROR,ERROR,ERROR,ERROR,GOTO S41 NoSem,ERROR,ERROR,ERROR,ERROR,ERROR,ERROR,ERROR,ERROR,ERROR,ERROR,ERROR,ERROR,ERROR,ERROR
41,REDUCE ARRAY_VAR,ERROR,ERROR,REDUCE ARRAY_VAR,ERROR,REDUCE ARRAY_VAR,REDUCE ARRAY_VAR,ERROR,ERROR,ERROR,ERROR,ERROR,ERROR,ERROR,REDUCE ARRAY_VAR,ERROR,ERROR,ERROR,ERROR,ERROR,REDUCE ARRAY_VAR,ERROR,ERROR,REDUCE ARRAY_VAR,ERROR,ERROR,ERROR,ERROR,ERROR,ERROR,REDUCE ARRAY_VAR,REDUCE ARRAY_VAR,ERROR,ERROR,ERROR,ERROR,REDUCE ARRAY_VAR,ERROR,ERROR,REDUCE ARRAY_VAR,ERROR,ERROR,ERROR,ERROR,ERROR,ERROR,ERROR,ERROR,ERROR,ERROR,ERROR,ERROR,ERROR,ERROR,ERROR,ERROR,ERROR,ERROR,ERROR,ERROR,ERROR,ERROR,ERROR,ERROR,ERROR,ERROR,ERROR,ERROR,ERROR,ERROR,ERROR
42,ERROR,ERROR,ERROR,SHIFT S38 NoSem,ERROR,ERROR,ERROR,ERROR,ERROR,ERROR,ERROR,ERROR,ERROR,ERROR,ERROR,ERROR,ERROR,ERROR,ERROR,ERROR,ERROR,ERROR,ERROR,ERROR,ERROR,ERROR,ERROR,ERROR,ERROR,ERROR,ERROR,ERROR,ERROR,ERROR,ERROR,ERROR,ERROR,ERROR,ERROR,ERROR,ERROR,ERROR,ERROR,ERROR,ERROR,ERROR,ERROR,ERROR,ERROR,ERROR,ERROR,ERROR,ERROR,ERROR,ERROR,ERROR,ERROR,ERROR,ERROR,ERROR,ERROR,ERROR,ERROR,ERROR,ERROR,ERROR,ERROR,ERROR,ERROR,ERROR,ERROR
43,ERROR,ERROR,ERROR,ERROR,SHIFT S44 NoSem,ERROR,ERROR,ERROR,ERROR,ERROR,ERROR,ERROR,ERROR,ERROR,ERROR,ERROR,ERROR,ERROR,ERROR,ERROR,ERROR,ERROR,ERROR,ERROR,ERROR,ERROR,ERROR,ERROR,ERROR,ERROR,ERROR,ERROR,ERROR,ERROR,ERROR,ERROR,ERROR,ERROR,ERROR,ERROR,ERROR,ERROR,ERROR,ERROR,ERROR,ERROR,ERROR,ERROR,ERROR,ERROR,ERROR,ERROR,ERROR,ERROR,ERROR,ERROR,ERROR,ERROR,ERROR,ERROR,ERROR,ERROR,ERROR,ERROR,ERROR,ERROR,ERROR,ERROR,ERROR,ERROR,ERROR
44,ERROR,ERROR,ERROR,ERROR,ERROR,ERROR,ERROR,ERROR,ERROR,SHIFT S45 NoSem,ERROR,ERROR,ERROR,ERROR,ERROR,ERROR,ERROR,ERROR,ERROR,ERROR,ERROR,ERROR,ERROR,ERROR,ERROR,ERROR,ERROR,ERROR,ERROR,ERROR,ERROR,ERROR,ERROR,ERROR,ERROR,ERROR,ERROR,ERROR,ERROR,ERROR,ERROR,ERROR,ERROR,ERROR,ERROR,ERROR,ERROR,ERROR,ERROR,ERROR,ERROR,ERROR,ERROR,ERROR,ERROR,ERROR,ERROR,ERROR,ERROR,ERROR,ERROR,ERROR,ERROR,ERROR,ERROR,ERROR,ERROR,ERROR,ERROR,ERROR,ERROR
45,ERROR,ERROR,ERROR,ERROR,ERROR,ERROR,ERROR,ERROR,ERROR,ERROR,ERROR,ERROR,ERROR,ERROR,ERROR,ERROR,ERROR,ERROR,ERROR,ERROR,ERROR,SHIFT S46 NoSem,ERROR,ERROR,ERROR,ERROR,ERROR,ERROR,ERROR,ERROR,ERROR,ERROR,ERROR,ERROR,ERROR,ERROR,ERROR,SHIFT S47 NoSem,ERROR,ERROR,ERROR,ERROR,ERROR,ERROR,ERROR,ERROR,ERROR,ERROR,ERROR,ERROR,ERROR,ERROR,ERROR,ERROR,ERROR,ERROR,ERROR,ERROR,ERROR,ERROR,ERROR,ERROR,ERROR,ERROR,ERROR,ERROR,ERROR,ERROR,ERROR,ERROR,ERROR
46,ERROR,ERROR,ERROR,ERROR,ERROR,ERROR,ERROR,ERROR,ERROR,SHIFT S48 NoSem,ERROR,ERROR,ERROR,ERROR,ERROR,ERROR,ERROR,ERROR,ERROR,ERROR,ERROR,ERROR,ERROR,ERROR,ERROR,ERROR,ERROR,ERROR,ERROR,ERROR,ERROR,ERROR,ERROR,ERROR,ERROR,ERROR,ERROR,ERROR,ERROR,ERROR,ERROR,ERROR,ERROR,ERROR,ERROR,ERROR,ERROR,ERROR,ERROR,ERROR,ERROR,ERROR,ERROR,ERROR,ERROR,ERROR,ERROR,ERROR,ERROR,ERROR,ERROR,ERROR,ERROR,ERROR,ERROR,ERROR,ERROR,ERROR,ERROR,ERROR,ERROR
47,REDUCE ARRAY_DIMENSION,ERROR,ERROR,REDUCE ARRAY_DIMENSION,ERROR,REDUCE ARRAY_DIMENSION,REDUCE ARRAY_DIMENSION,ERROR,ERROR,ERROR,ERROR,ERROR,ERROR,ERROR,REDUCE ARRAY_DIMENSION,ERROR,ERROR,ERROR,ERROR,ERROR,REDUCE ARRAY_DIMENSION,ERROR,ERROR,REDUCE ARRAY_DIMENSION,ERROR,ERROR,ERROR,ERROR,ERROR,ERROR,REDUCE ARRAY_DIMENSION,REDUCE ARRAY_DIMENSION,ERROR,ERROR,ERROR,ERROR,REDUCE ARRAY_DIMENSION,ERROR,ERROR,REDUCE ARRAY_DIMENSION,ERROR,ERROR,ERROR,ERROR,ERROR,ERROR,ERROR,ERROR,ERROR,ERROR,ERROR,ERROR,ERROR,ERROR,ERROR,ERROR,ERROR,ERROR,ERROR,ERROR,ERROR,ERROR,ERROR,ERROR,ERROR,ERROR,ERROR,ERROR,ERROR,ERROR,ERROR
48,ERROR,ERROR,ERROR,ERROR,ERROR,ERROR,ERROR,ERROR,ERROR,ERROR,ERROR,ERROR,ERROR,ERROR,ERROR,ERROR,ERROR,ERROR,ERROR,ERROR,ERROR,SHIFT S46 NoSem,ERROR,ERROR,ERROR,ERROR,ERROR,ERROR,ERROR,ERROR,ERROR,ERROR,ERROR,ERROR,ERROR,ERROR,ERROR,SHIFT S47 NoSem,ERROR,ERROR,ERROR,ERROR,ERROR,ERROR,ERROR,ERROR,ERROR,ERROR,ERROR,ERROR,ERROR,ERROR,ERROR,ERROR,ERROR,ERROR,ERROR,ERROR,ERROR,ERROR,ERROR,ERROR,ERROR,ERROR,ERROR,ERROR,ERROR,ERROR,ERROR,ERROR,ERROR
49,ERROR,SHIFT S50 NoSem,ERROR,ERROR,ERROR,ERROR,ERROR,ERROR,ERROR,ERROR,ERROR,ERROR,ERROR,ERROR,ERROR,ERROR,ERROR,ERROR,ERROR,ERROR,ERROR,ERROR,ERROR,ERROR,ERROR,ERROR,ERROR,ERROR,ERROR,ERROR,ERROR,ERROR,ERROR,ERROR,ERROR,ERROR,ERROR,ERROR,ERROR,ERROR,ERROR,ERROR,ERROR,ERROR,ERROR,ERROR,ERROR,ERROR,ERROR,ERROR,ERROR,ERROR,ERROR,ERROR,ERROR,ERROR,ERROR,ERROR,ERROR,ERROR,ERROR,ERROR,ERROR,ERROR,ERROR,ERROR,ERROR,ERROR,ERROR,ERROR,ERROR
50,ERROR,ERROR,ERROR,ERROR,ERROR,ERROR,ERROR,ERROR,ERROR,PUSH_GOTO S92 NoSem,ERROR,PUSH_GOTO S92 NoSem,ERROR,PUSH_GOTO S92 NoSem,ERROR,ERROR,ERROR,PUSH_GOTO S92 NoSem,PUSH_GOTO S92 NoSem,ERROR,ERROR,ERROR,PUSH_GOTO S92 NoSem,ERROR,ERROR,ERROR,ERROR,ERROR,ERROR,ERROR,ERROR,ERROR,PUSH_GOTO S92 NoSem,ERROR,PUSH_GOTO S92 NoSem,ERROR,ERROR,ERROR,ERROR,ERROR,ERROR,ERROR,ERROR,ERROR,ERROR,ERROR,ERROR,ERROR,ERROR,ERROR,ERROR,ERROR,ERROR,ERROR,ERROR,ERROR,ERROR,ERROR,ERROR,ERROR,ERROR,ERROR,ERROR,ERROR,ERROR,GOTO S51 NoSem,ERROR,ERROR,ERROR,ERROR,ERROR
51,ERROR,ERROR,ERROR,ERROR,ERROR,ERROR,ERROR,ERROR,ERROR,ERROR,ERROR,ERROR,ERROR,ERROR,REDUCE ASSIGNMENT,ERROR,ERROR,ERROR,ERROR,ERROR,ERROR,ERROR,ERROR,ERROR,ERROR,ERROR,ERROR,ERROR,ERROR,ERROR,ERROR,ERROR,ERROR,ERROR,ERROR,ERROR,ERROR,ERROR,ERROR,ERROR,ERROR,ERROR,ERROR,ERROR,ERROR,ERROR,ERROR,ERROR,ERROR,ERROR,ERROR,ERROR,ERROR,ERROR,ERROR,ERROR,ERROR,ERROR,ERROR,ERROR,ERROR,ERROR,ERROR,ERROR,ERROR,ERROR,ERROR,ERROR,ERROR,ERROR,ERROR
52,ERROR,ERROR,ERROR,ERROR,ERROR,ERROR,ERROR,ERROR,ERROR,ERROR,ERROR,ERROR,ERROR,SHIFT S53 NoSem,ERROR,ERROR,ERROR,ERROR,ERROR,ERROR,ERROR,ERROR,ERROR,ERROR,ERROR,ERROR,ERROR,ERROR,ERROR,ERROR,ERROR,ERROR,ERROR,ERROR,ERROR,ERROR,ERROR,ERROR,ERROR,ERROR,ERROR,ERROR,ERROR,ERROR,ERROR,ERROR,ERROR,ERROR,ERROR,ERROR,ERROR,ERROR,ERROR,ERROR,ERROR,ERROR,ERROR,ERROR,ERROR,ERROR,ERROR,ERROR,ERROR,ERROR,ERROR,ERROR,ERROR,ERROR,ERROR,ERROR,ERROR
53,ERROR,ERROR,ERROR,ERROR,ERROR,ERROR,ERROR,ERROR,ERROR,PUSH_GOTO S92 NoSem,ERROR,PUSH_GOTO S92 NoSem,ERROR,PUSH_GOTO S92 NoSem,ERROR,ERROR,ERROR,PUSH_GOTO S92 NoSem,PUSH_GOTO S92 NoSem,ERROR,ERROR,ERROR,PUSH_GOTO S92 NoSem,ERROR,ERROR,ERROR,ERROR,ERROR,ERROR,ERROR,ERROR,ERROR,PUSH_GOTO S92 NoSem,ERROR,PUSH_GOTO S92 NoSem,ERROR,ERROR,ERROR,ERROR,ERROR,ERROR,ERROR,ERROR,ERROR,ERROR,ERROR,ERROR,ERROR,ERROR,ERROR,ERROR,ERROR,ERROR,ERROR,ERROR,ERROR,ERROR,ERROR,ERROR,ERROR,ERROR,ERROR,ERROR,ERROR,ERROR,GOTO S54 NoSem,ERROR,ERROR,ERROR,ERROR,ERROR
54,ERROR,ERROR,ERROR,ERROR,ERROR,SHIFT S55 NoSem,ERROR,ERROR,ERROR,ERROR,ERROR,ERROR,ERROR,ERROR,ERROR,ERROR,ERROR,ERROR,ERROR,ERROR,ERROR,SHIFT S56 NoSem,ERROR,ERROR,ERROR,ERROR,ERROR,ERROR,ERROR,ERROR,ERROR,ERROR,ERROR,ERROR,ERROR,ERROR,ERROR,ERROR,ERROR,ERROR,ERROR,ERROR,ERROR,ERROR,ERROR,ERROR,ERROR,ERROR,ERROR,ERROR,ERROR,ERROR,ERROR,ERROR,ERROR,ERROR,ERROR,ERROR,ERROR,ERROR,ERROR,ERROR,ERROR,ERROR,ERROR,ERROR,ERROR,ERROR,ERROR,ERROR,ERROR
55,ERROR,ERROR,ERROR,ERROR,ERROR,ERROR,ERROR,ERROR,ERROR,ERROR,ERROR,ERROR,ERROR,ERROR,REDUCE BULK_ASSIGNMENT,ERROR,ERROR,ERROR,ERROR,ERROR,ERROR,ERROR,ERROR,ERROR,ERROR,ERROR,ERROR,ERROR,ERROR,ERROR,ERROR,ERROR,ERROR,ERROR,ERROR,ERROR,ERROR,ERROR,ERROR,ERROR,ERROR,ERROR,ERROR,ERROR,ERROR,ERROR,ERROR,ERROR,ERROR,ERROR,ERROR,ERROR,ERROR,ERROR,ERROR,ERROR,ERROR,ERROR,ERROR,ERROR,ERROR,ERROR,ERROR,ERROR,ERROR,ERROR,ERROR,ERROR,ERROR,ERROR,ERROR
56,ERROR,ERROR,ERROR,ERROR,ERROR,ERROR,ERROR,ERROR,ERROR,PUSH_GOTO S92 NoSem,ERROR,PUSH_GOTO S92 NoSem,ERROR,PUSH_GOTO S92 NoSem,ERROR,ERROR,ERROR,PUSH_GOTO S92 NoSem,PUSH_GOTO S92 NoSem,ERROR,ERROR,ERROR,PUSH_GOTO S92 NoSem,ERROR,ERROR,ERROR,ERROR,ERROR,ERROR,ERROR,ERROR,ERROR,PUSH_GOTO S92 NoSem,ERROR,PUSH_GOTO S92 NoSem,ERROR,ERROR,ERROR,ERROR,ERROR,ERROR,ERROR,ERROR,ERROR,ERROR,ERROR,ERROR,ERROR,ERROR,ERROR,ERROR,ERROR,ERROR,ERROR,ERROR,ERROR,ERROR,ERROR,ERROR,ERROR,ERROR,ERROR,ERROR,ERROR,ERROR,GOTO S57 NoSem,ERROR,ERROR,ERROR,ERROR,ERROR
57,ERROR,ERROR,ERROR,ERROR,ERROR,SHIFT S55 NoSem,ERROR,ERROR,ERROR,ERROR,ERROR,ERROR,ERROR,ERROR,ERROR,ERROR,ERROR,ERROR,ERROR,ERROR,ERROR,SHIFT S56 NoSem,ERROR,ERROR,ERROR,ERROR,ERROR,ERROR,ERROR,ERROR,ERROR,ERROR,ERROR,ERROR,ERROR,ERROR,ERROR,ERROR,ERROR,ERROR,ERROR,ERROR,ERROR,ERROR,ERROR,ERROR,ERROR,ERROR,ERROR,ERROR,ERROR,ERROR,ERROR,ERROR,ERROR,ERROR,ERROR,ERROR,ERROR,ERROR,ERROR,ERROR,ERROR,ERROR,ERROR,ERROR,ERROR,ERROR,ERROR,ERROR,ERROR
58,ERROR,ERROR,ERROR,ERROR,ERROR,ERROR,ERROR,ERROR,ERROR,ERROR,ERROR,ERROR,ERROR,ERROR,ERROR,ERROR,ERROR,ERROR,ERROR,ERROR,ERROR,ERROR,ERROR,ERROR,ERROR,ERROR,ERROR,ERROR,ERROR,ERROR,SHIFT S59 NoSem,ERROR,ERROR,ERROR,ERROR,ERROR,ERROR,ERROR,ERROR,ERROR,ERROR,ERROR,ERROR,ERROR,ERROR,ERROR,ERROR,ERROR,ERROR,ERROR,ERROR,ERROR,ERROR,ERROR,ERROR,ERROR,ERROR,ERROR,ERROR,ERROR,ERROR,ERROR,ERROR,ERROR,ERROR,ERROR,ERROR,ERROR,ERROR,ERROR,ERROR
59,ERROR,ERROR,ERROR,ERROR,ERROR,ERROR,ERROR,ERROR,ERROR,ERROR,ERROR,ERROR,ERROR,ERROR,ERROR,ERROR,ERROR,ERROR,SHIFT S60 NoSem,ERROR,ERROR,ERROR,ERROR,ERROR,ERROR,ERROR,ERROR,ERROR,ERROR,ERROR,ERROR,ERROR,ERROR,ERROR,ERROR,ERROR,ERROR,ERROR,ERROR,ERROR,ERROR,ERROR,ERROR,ERROR,ERROR,ERROR,ERROR,ERROR,ERROR,ERROR,ERROR,ERROR,ERROR,ERROR,ERROR,ERROR,ERROR,ERROR,ERROR,ERROR,ERROR,ERROR,ERROR,ERROR,ERROR,ERROR,ERROR,ERROR,ERROR,ERROR,ERROR
60,ERROR,ERROR,ERROR,ERROR,ERROR,ERROR,ERROR,ERROR,ERROR,ERROR,ERROR,ERROR,ERROR,SHIFT S61 NoSem,ERROR,ERROR,ERROR,ERROR,ERROR,ERROR,ERROR,ERROR,ERROR,ERROR,ERROR,ERROR,ERROR,ERROR,ERROR,ERROR,ERROR,ERROR,ERROR,ERROR,ERROR,ERROR,ERROR,ERROR,ERROR,ERROR,ERROR,ERROR,ERROR,ERROR,ERROR,ERROR,ERROR,ERROR,ERROR,ERROR,ERROR,ERROR,ERROR,ERROR,ERROR,ERROR,ERROR,ERROR,ERROR,ERROR,ERROR,ERROR,ERROR,ERROR,ERROR,ERROR,ERROR,ERROR,ERROR,ERROR,ERROR
61,ERROR,ERROR,ERROR,PUSH_GOTO S74 NoSem,ERROR,SHIFT S62 NoSem,PUSH_GOTO S74 NoSem,ERROR,ERROR,ERROR,ERROR,ERROR,ERROR,ERROR,ERROR,ERROR,ERROR,ERROR,ERROR,ERROR,PUSH_GOTO S74 NoSem,ERROR,ERROR,ERROR,ERROR,ERROR,ERROR,ERROR,ERROR,ERROR,ERROR,PUSH_GOTO S74 NoSem,ERROR,ERROR,ERROR,ERROR,PUSH_GOTO S74 NoSem,ERROR,ERROR,PUSH_GOTO S74 NoSem,ERROR,ERROR,ERROR,ERROR,ERROR,ERROR,ERROR,ERROR,ERROR,ERROR,ERROR,ERROR,ERROR,ERROR,ERROR,ERROR,ERROR,ERROR,ERROR,ERROR,ERROR,GOTO S66 NoSem,ERROR,ERROR,ERROR,ERROR,ERROR,ERROR,ERROR,ERROR,ERROR
62,ERROR,ERROR,ERROR,ERROR,ERROR,ERROR,ERROR,ERROR,ERROR,ERROR,ERROR,ERROR,ERROR,ERROR,ERROR,ERROR,ERROR,ERROR,ERROR,ERROR,ERROR,ERROR,ERROR,ERROR,ERROR,ERROR,ERROR,SHIFT S63 NoSem,ERROR,ERROR,ERROR,ERROR,ERROR,ERROR,ERROR,ERROR,ERROR,ERROR,ERROR,ERROR,ERROR,ERROR,ERROR,ERROR,ERROR,ERROR,ERROR,ERROR,ERROR,ERROR,ERROR,ERROR,ERROR,ERROR,ERROR,ERROR,ERROR,ERROR,ERROR,ERROR,ERROR,ERROR,ERROR,ERROR,ERROR,ERROR,ERROR,ERROR,ERROR,ERROR,ERROR
63,ERROR,ERROR,ERROR,ERROR,ERROR,ERROR,PUSH_GOTO S106 NoSem,ERROR,ERROR,ERROR,ERROR,ERROR,ERROR,ERROR,ERROR,ERROR,ERROR,ERROR,ERROR,ERROR,PUSH_GOTO S106 NoSem,ERROR,ERROR,ERROR,ERROR,ERROR,ERROR,ERROR,ERROR,ERROR,ERROR,PUSH_GOTO S106 NoSem,ERROR,ERROR,ERROR,ERROR,PUSH_GOTO S106 NoSem,ERROR,ERROR,PUSH_GOTO S106 NoSem,ERROR,ERROR,ERROR,ERROR,ERROR,ERROR,ERROR,ERROR,ERROR,ERROR,ERROR,ERROR,ERROR,ERROR,ERROR,ERROR,ERROR,ERROR,ERROR,ERROR,ERROR,ERROR,ERROR,ERROR,ERROR,ERROR,ERROR,ERROR,ERROR,ERROR,GOTO S64 NoSem
64,ERROR,ERROR,ERROR,ERROR,ERROR,ERROR,ERROR,ERROR,PUSH_GOTO S77 NoSem,ERROR,ERROR,ERROR,ERROR,ERROR,ERROR,ERROR,ERROR,ERROR,ERROR,ERROR,ERROR,ERROR,ERROR,ERROR,ERROR,ERROR,ERROR,ERROR,ERROR,ERROR,ERROR,ERROR,ERROR,ERROR,ERROR,ERROR,ERROR,ERROR,ERROR,ERROR,ERROR,ERROR,ERROR,ERROR,ERROR,ERROR,ERROR,ERROR,ERROR,ERROR,ERROR,ERROR,ERROR,ERROR,GOTO S65 NoSem,ERROR,ERROR,ERROR,ERROR,ERROR,ERROR,ERROR,ERROR,ERROR,ERROR,ERROR,ERROR,ERROR,ERROR,ERROR,ERROR
65,REDUCE FUNC_DEF,ERROR,ERROR,REDUCE FUNC_DEF,ERROR,ERROR,REDUCE FUNC_DEF,ERROR,ERROR,ERROR,ERROR,ERROR,ERROR,ERROR,ERROR,ERROR,ERROR,ERROR,ERROR,ERROR,REDUCE FUNC_DEF,ERROR,ERROR,REDUCE FUNC_DEF,ERROR,ERROR,ERROR,ERROR,ERROR,ERROR,REDUCE FUNC_DEF,REDUCE FUNC_DEF,ERROR,ERROR,ERROR,ERROR,REDUCE FUNC_DEF,ERROR,ERROR,REDUCE FUNC_DEF,ERROR,ERROR,ERROR,ERROR,ERROR,ERROR,ERROR,ERROR,ERROR,ERROR,ERROR,ERROR,ERROR,ERROR,ERROR,ERROR,ERROR,ERROR,ERROR,ERROR,ERROR,ERROR,ERROR,ERROR,ERROR,ERROR,ERROR,ERROR,ERROR,ERROR,ERROR
66,ERROR,ERROR,ERROR,ERROR,ERROR,SHIFT S62 NoSem,ERROR,ERROR,ERROR,ERROR,ERROR,ERROR,ERROR,ERROR,ERROR,ERROR,ERROR,ERROR,ERROR,ERROR,ERROR,ERROR,ERROR,ERROR,ERROR,ERROR,ERROR,ERROR,ERROR,ERROR,ERROR,ERROR,ERROR,ERROR,ERROR,ERROR,ERROR,ERROR,ERROR,ERROR,ERROR,ERROR,ERROR,ERROR,ERROR,ERROR,ERROR,ERROR,ERROR,ERROR,ERROR,ERROR,ERROR,ERROR,ERROR,ERROR,ERROR,ERROR,ERROR,ERROR,ERROR,ERROR,ERROR,ERROR,ERROR,ERROR,ERROR,ERROR,ERROR,ERROR,ERROR
67,ERROR,ERROR,ERROR,ERROR,ERROR,ERROR,ERROR,ERROR,ERROR,ERROR,ERROR,ERROR,ERROR,ERROR,ERROR,ERROR,ERROR,ERROR,ERROR,ERROR,ERROR,ERROR,ERROR,SHIFT S68 NoSem,ERROR,ERROR,ERROR,ERROR,ERROR,ERROR,ERROR,ERROR,ERROR,ERROR,ERROR,ERROR,ERROR,ERROR,ERROR,ERROR,ERROR,ERROR,ERROR,ERROR,ERROR,ERROR,ERROR,ERROR,ERROR,ERROR,ERROR,ERROR,ERROR,ERROR,ERROR,ERROR,ERROR,ERROR,ERROR,ERROR,ERROR,ERROR,ERROR,ERROR,ERROR,ERROR,ERROR,ERROR,ERROR,ERROR,ERROR
68,ERROR,ERROR,ERROR,ERROR,ERROR,ERROR,ERROR,ERROR,ERROR,ERROR,ERROR,ERROR,ERROR,ERROR,ERROR,ERROR,ERROR,ERROR,SHIFT S69 NoSem,ERROR,ERROR,ERROR,ERROR,ERROR,ERROR,ERROR,ERROR,ERROR,ERROR,ERROR,ERROR,ERROR,ERROR,ERROR,ERROR,ERROR,ERROR,ERROR,ERROR,ERROR,ERROR,ERROR,ERROR,ERROR,ERROR,ERROR,ERROR,ERROR,ERROR,ERROR,ERROR,ERROR,ERROR,ERROR,ERROR,ERROR,ERROR,ERROR,ERROR,ERROR,ERROR,ERROR,ERROR,ERROR,ERROR,ERROR,ERROR,ERROR,ERROR,ERROR,ERROR
69,ERROR,ERROR,ERROR,ERROR,ERROR,ERROR,ERROR,ERROR,ERROR,ERROR,ERROR,ERROR,ERROR,SHIFT S70 NoSem,ERROR,ERROR,ERROR,ERROR,ERROR,ERROR,ERROR,ERROR,ERROR,ERROR,ERROR,ERROR,ERROR,ERROR,ERROR,ERROR,ERROR,ERROR,ERROR,ERROR,ERROR,ERROR,ERROR,ERROR,ERROR,ERROR,ERROR,ERROR,ERROR,ERROR,ERROR,ERROR,ERROR,ERROR,ERROR,ERROR,ERROR,ERROR,ERROR,ERROR,ERROR,ERROR,ERROR,ERROR,ERROR,ERROR,ERROR,ERROR,ERROR,ERROR,ERROR,ERROR,ERROR,ERROR,ERROR,ERROR,ERROR
70,ERROR,ERROR,ERROR,PUSH_GOTO S74 NoSem,ERROR,SHIFT S71 NoSem,PUSH_GOTO S74 NoSem,ERROR,ERROR,ERROR,ERROR,ERROR,ERROR,ERROR,ERROR,ERROR,ERROR,ERROR,ERROR,ERROR,PUSH_GOTO S74 NoSem,ERROR,ERROR,ERROR,ERROR,ERROR,ERROR,ERROR,ERROR,ERROR,ERROR,PUSH_GOTO S74 NoSem,ERROR,ERROR,ERROR,ERROR,PUSH_GOTO S74 NoSem,ERROR,ERROR,PUSH_GOTO S74 NoSem,ERROR,ERROR,ERROR,ERROR,ERROR,ERROR,ERROR,ERROR,ERROR,ERROR,ERROR,ERROR,ERROR,ERROR,ERROR,ERROR,ERROR,ERROR,ERROR,ERROR,ERROR,GOTO S72 NoSem,ERROR,ERROR,ERROR,ERROR,ERROR,ERROR,ERROR,ERROR,ERROR
71,ERROR,ERROR,ERROR,ERROR,ERROR,ERROR,ERROR,ERROR,PUSH_GOTO S77 NoSem,ERROR,ERROR,ERROR,ERROR,ERROR,ERROR,ERROR,ERROR,ERROR,ERROR,ERROR,ERROR,ERROR,ERROR,ERROR,ERROR,ERROR,ERROR,ERROR,ERROR,ERROR,ERROR,ERROR,ERROR,ERROR,ERROR,ERROR,ERROR,ERROR,ERROR,ERROR,ERROR,ERROR,ERROR,ERROR,ERROR,ERROR,ERROR,ERROR,ERROR,ERROR,ERROR,ERROR,ERROR,ERROR,GOTO S73 NoSem,ERROR,ERROR,ERROR,ERROR,ERROR,ERROR,ERROR,ERROR,ERROR,ERROR,ERROR,ERROR,ERROR,ERROR,ERROR,ERROR
72,ERROR,ERROR,ERROR,ERROR,ERROR,SHIFT S71 NoSem,ERROR,ERROR,ERROR,ERROR,ERROR,ERROR,ERROR,ERROR,ERROR,ERROR,ERROR,ERROR,ERROR,ERROR,ERROR,ERROR,ERROR,ERROR,ERROR,ERROR,ERROR,ERROR,ERROR,ERROR,ERROR,ERROR,ERROR,ERROR,ERROR,ERROR,ERROR,ERROR,ERROR,ERROR,ERROR,ERROR,ERROR,ERROR,ERROR,ERROR,ERROR,ERROR,ERROR,ERROR,ERROR,ERROR,ERROR,ERROR,ERROR,ERROR,ERROR,ERROR,ERROR,ERROR,ERROR,ERROR,ERROR,ERROR,ERROR,ERROR,ERROR,ERROR,ERROR,ERROR,ERROR
73,REDUCE PROC_DEF,ERROR,ERROR,REDUCE PROC_DEF,ERROR,ERROR,REDUCE PROC_DEF,ERROR,ERROR,ERROR,ERROR,ERROR,ERROR,ERROR,ERROR,ERROR,ERROR,ERROR,ERROR,ERROR,REDUCE PROC_DEF,ERROR,ERROR,REDUCE PROC_DEF,ERROR,ERROR,ERROR,ERROR,ERROR,ERROR,REDUCE PROC_DEF,REDUCE PROC_DEF,ERROR,ERROR,ERROR,ERROR,REDUCE PROC_DEF,ERROR,ERROR,REDUCE PROC_DEF,ERROR,ERROR,ERROR,ERROR,ERROR,ERROR,ERROR,ERROR,ERROR,ERROR,ERROR,ERROR,ERROR,ERROR,ERROR,ERROR,ERROR,ERROR,ERROR,ERROR,ERROR,ERROR,ERROR,ERROR,ERROR,ERROR,ERROR,ERROR,ERROR,ERROR,ERROR
74,ERROR,ERROR,ERROR,PUSH_GOTO S30 NoSem,ERROR,ERROR,PUSH_GOTO S30 NoSem,ERROR,ERROR,ERROR,ERROR,ERROR,ERROR,ERROR,ERROR,ERROR,ERROR,ERROR,ERROR,ERROR,PUSH_GOTO S30 NoSem,ERROR,ERROR,ERROR,ERROR,ERROR,ERROR,ERROR,ERROR,ERROR,ERROR,PUSH_GOTO S30 NoSem,ERROR,ERROR,ERROR,ERROR,PUSH_GOTO S30 NoSem,ERROR,ERROR,PUSH_GOTO S30 NoSem,ERROR,ERROR,ERROR,ERROR,ERROR,ERROR,ERROR,ERROR,ERROR,ERROR,ERROR,GOTO S75 NoSem,ERROR,ERROR,ERROR,ERROR,ERROR,ERROR,ERROR,ERROR,ERROR,ERROR,ERROR,ERROR,ERROR,ERROR,ERROR,ERROR,ERROR,ERROR,ERROR
75,ERROR,ERROR,ERROR,ERROR,ERROR,REDUCE ARGUEMENT,ERROR,ERROR,ERROR,ERROR,ERROR,ERROR,ERROR,ERROR,SHIFT S76 NoSem,ERROR,ERROR,ERROR,ERROR,ERROR,ERROR,ERROR,ERROR,ERROR,ERROR,ERROR,ERROR,ERROR,ERROR,ERROR,ERROR,ERROR,ERROR,ERROR,ERROR,ERROR,ERROR,ERROR,ERROR,ERROR,ERROR,ERROR,ERROR,ERROR,ERROR,ERROR,ERROR,ERROR,ERROR,ERROR,ERROR,ERROR,ERROR,ERROR,ERROR,ERROR,ERROR,ERROR,ERROR,ERROR,ERROR,ERROR,ERROR,ERROR,ERROR,ERROR,ERROR,ERROR,ERROR,ERROR,ERROR
76,ERROR,ERROR,ERROR,PUSH_GOTO S30 NoSem,ERROR,ERROR,PUSH_GOTO S30 NoSem,ERROR,ERROR,ERROR,ERROR,ERROR,ERROR,ERROR,ERROR,ERROR,ERROR,ERROR,ERROR,ERROR,PUSH_GOTO S30 NoSem,ERROR,ERROR,ERROR,ERROR,ERROR,ERROR,ERROR,ERROR,ERROR,ERROR,PUSH_GOTO S30 NoSem,ERROR,ERROR,ERROR,ERROR,PUSH_GOTO S30 NoSem,ERROR,ERROR,PUSH_GOTO S30 NoSem,ERROR,ERROR,ERROR,ERROR,ERROR,ERROR,ERROR,ERROR,ERROR,ERROR,ERROR,GOTO S75 NoSem,ERROR,ERROR,ERROR,ERROR,ERROR,ERROR,ERROR,ERROR,ERROR,ERROR,ERROR,ERROR,ERROR,ERROR,ERROR,ERROR,ERROR,ERROR,ERROR
77,ERROR,ERROR,ERROR,ERROR,ERROR,ERROR,ERROR,ERROR,SHIFT S78 NoSem,ERROR,ERROR,ERROR,ERROR,ERROR,ERROR,ERROR,ERROR,ERROR,ERROR,ERROR,ERROR,ERROR,ERROR,ERROR,ERROR,ERROR,ERROR,ERROR,ERROR,ERROR,ERROR,ERROR,ERROR,ERROR,ERROR,ERROR,ERROR,ERROR,ERROR,ERROR,ERROR,ERROR,ERROR,ERROR,ERROR,ERROR,ERROR,ERROR,ERROR,ERROR,ERROR,ERROR,ERROR,ERROR,ERROR,ERROR,ERROR,ERROR,ERROR,ERROR,ERROR,ERROR,ERROR,ERROR,ERROR,ERROR,ERROR,ERROR,ERROR,ERROR,ERROR
78,ERROR,ERROR,ERROR,ERROR,ERROR,ERROR,ERROR,ERROR,ERROR,ERROR,ERROR,ERROR,PUSH_GOTO S81 NoSem,PUSH_GOTO S81 NoSem,ERROR,ERROR,ERROR,ERROR,PUSH_GOTO S81 NoSem,PUSH_GOTO S81 NoSem,ERROR,ERROR,ERROR,ERROR,ERROR,ERROR,ERROR,ERROR,ERROR,ERROR,ERROR,ERROR,ERROR,ERROR,ERROR,ERROR,ERROR,ERROR,ERROR,ERROR,PUSH_GOTO S81 NoSem,ERROR,SHIFT S80 NoSem,ERROR,ERROR,ERROR,ERROR,ERROR,ERROR,ERROR,ERROR,ERROR,ERROR,ERROR,ERROR,ERROR,ERROR,GOTO S79 NoSem,ERROR,ERROR,ERROR,ERROR,ERROR,ERROR,ERROR,ERROR,ERROR,ERROR,ERROR,ERROR,ERROR
79,ERROR,ERROR,ERROR,ERROR,ERROR,ERROR,ERROR,ERROR,ERROR,ERROR,ERROR,ERROR,ERROR,ERROR,SHIFT S80 NoSem,ERROR,ERROR,ERROR,ERROR,ERROR,ERROR,ERROR,ERROR,ERROR,ERROR,ERROR,ERROR,ERROR,ERROR,ERROR,ERROR,ERROR,ERROR,ERROR,ERROR,ERROR,ERROR,ERROR,ERROR,ERROR,ERROR,ERROR,ERROR,ERROR,ERROR,ERROR,ERROR,ERROR,ERROR,ERROR,ERROR,ERROR,ERROR,ERROR,ERROR,ERROR,ERROR,ERROR,ERROR,ERROR,ERROR,ERROR,ERROR,ERROR,ERROR,ERROR,ERROR,ERROR,ERROR,ERROR,ERROR
80,REDUCE BLOCK,ERROR,ERROR,REDUCE BLOCK,ERROR,ERROR,REDUCE BLOCK,ERROR,ERROR,ERROR,ERROR,ERROR,PUSH_GOTO S81 NoSem,PUSH_GOTO S81 NoSem,REDUCE BLOCK,ERROR,REDUCE BLOCK,ERROR,PUSH_GOTO S81 NoSem,PUSH_GOTO S81 NoSem,REDUCE BLOCK,ERROR,ERROR,REDUCE BLOCK,ERROR,ERROR,ERROR,ERROR,ERROR,ERROR,REDUCE BLOCK,REDUCE BLOCK,ERROR,ERROR,ERROR,ERROR,REDUCE BLOCK,ERROR,ERROR,REDUCE BLOCK,PUSH_GOTO S81 NoSem,ERROR,ERROR,ERROR,ERROR,ERROR,ERROR,ERROR,ERROR,ERROR,ERROR,ERROR,ERROR,ERROR,ERROR,ERROR,ERROR,GOTO S79 NoSem,ERROR,ERROR,ERROR,ERROR,ERROR,ERROR,ERROR,ERROR,ERROR,ERROR,ERROR,ERROR,ERROR
81,ERROR,ERROR,ERROR,ERROR,ERROR,ERROR,ERROR,ERROR,ERROR,ERROR,ERROR,ERROR,SHIFT S89 NoSem,SHIFT S83 NoSem,ERROR,ERROR,ERROR,ERROR,SHIFT S88 NoSem,PUSH_GOTO S9 NoSem,ERROR,ERROR,ERROR,ERROR,ERROR,ERROR,ERROR,ERROR,ERROR,ERROR,ERROR,ERROR,ERROR,ERROR,ERROR,ERROR,ERROR,ERROR,ERROR,ERROR,PUSH_GOTO S2 NoSem,ERROR,ERROR,ERROR,ERROR,ERROR,ERROR,ERROR,ERROR,ERROR,ERROR,ERROR,GOTO S82 NoSem,ERROR,ERROR,ERROR,ERROR,ERROR,ERROR,GOTO S82 NoSem,ERROR,ERROR,ERROR,ERROR,ERROR,ERROR,ERROR,ERROR,ERROR,ERROR,ERROR
82,ERROR,ERROR,ERROR,ERROR,ERROR,ERROR,ERROR,ERROR,ERROR,ERROR,ERROR,ERROR,ERROR,ERROR,REDUCE STMT,ERROR,ERROR,ERROR,ERROR,ERROR,ERROR,ERROR,ERROR,ERROR,ERROR,ERROR,ERROR,ERROR,ERROR,ERROR,ERROR,ERROR,ERROR,ERROR,ERROR,ERROR,ERROR,ERROR,ERROR,ERROR,ERROR,ERROR,ERROR,ERROR,ERROR,ERROR,ERROR,ERROR,ERROR,ERROR,ERROR,ERROR,ERROR,ERROR,ERROR,ERROR,ERROR,ERROR,ERROR,ERROR,ERROR,ERROR,ERROR,ERROR,ERROR,ERROR,ERROR,ERROR,ERROR,ERROR,ERROR
83,ERROR,ERROR,ERROR,ERROR,ERROR,ERROR,ERROR,ERROR,ERROR,ERROR,ERROR,ERROR,ERROR,ERROR,ERROR,ERROR,ERROR,ERROR,PUSH_GOTO S24 NoSem,ERROR,ERROR,ERROR,ERROR,ERROR,ERROR,ERROR,ERROR,ERROR,ERROR,ERROR,ERROR,ERROR,ERROR,ERROR,ERROR,ERROR,ERROR,ERROR,ERROR,ERROR,ERROR,ERROR,ERROR,ERROR,ERROR,ERROR,ERROR,ERROR,ERROR,ERROR,ERROR,ERROR,ERROR,ERROR,ERROR,ERROR,ERROR,ERROR,ERROR,ERROR,ERROR,ERROR,ERROR,ERROR,ERROR,ERROR,ERROR,ERROR,GOTO S84 NoSem,ERROR,ERROR
84,ERROR,ERROR,ERROR,ERROR,ERROR,ERROR,ERROR,ERROR,ERROR,ERROR,ERROR,ERROR,ERROR,ERROR,ERROR,ERROR,ERROR,ERROR,ERROR,ERROR,ERROR,SHIFT S86 NoSem,ERROR,ERROR,ERROR,ERROR,ERROR,ERROR,ERROR,ERROR,ERROR,ERROR,ERROR,ERROR,ERROR,ERROR,ERROR,ERROR,ERROR,ERROR,ERROR,ERROR,ERROR,ERROR,ERROR,ERROR,ERROR,ERROR,ERROR,ERROR,ERROR,ERROR,ERROR,ERROR,ERROR,ERROR,ERROR,ERROR,ERROR,ERROR,ERROR,ERROR,ERROR,ERROR,ERROR,ERROR,ERROR,ERROR,ERROR,ERROR,ERROR
85,ERROR,ERROR,ERROR,ERROR,ERROR,ERROR,ERROR,ERROR,ERROR,ERROR,ERROR,ERROR,ERROR,PUSH_GOTO S52 NoSem,ERROR,ERROR,ERROR,ERROR,ERROR,ERROR,ERROR,ERROR,ERROR,ERROR,ERROR,ERROR,ERROR,ERROR,ERROR,ERROR,ERROR,ERROR,ERROR,ERROR,ERROR,ERROR,ERROR,ERROR,ERROR,ERROR,ERROR,ERROR,ERROR,ERROR,ERROR,ERROR,ERROR,ERROR,GOTO S82 NoSem,ERROR,ERROR,ERROR,ERROR,ERROR,ERROR,ERROR,ERROR,ERROR,ERROR,ERROR,ERROR,ERROR,ERROR,ERROR,ERROR,ERROR,ERROR,ERROR,ERROR,ERROR,ERROR
86,ERROR,ERROR,ERROR,ERROR,ERROR,ERROR,ERROR,ERROR,ERROR,ERROR,ERROR,ERROR,ERROR,ERROR,ERROR,ERROR,ERROR,ERROR,PUSH_GOTO S24 NoSem,ERROR,ERROR,ERROR,ERROR,ERROR,ERROR,ERROR,ERROR,ERROR,ERROR,ERROR,ERROR,ERROR,ERROR,ERROR,ERROR,ERROR,ERROR,ERROR,ERROR,ERROR,ERROR,ERROR,ERROR,ERROR,ERROR,ERROR,ERROR,ERROR,ERROR,ERROR,ERROR,ERROR,ERROR,ERROR,ERROR,ERROR,ERROR,ERROR,ERROR,ERROR,ERROR,ERROR,ERROR,ERROR,ERROR,ERROR,ERROR,ERROR,GOTO S87 NoSem,ERROR,ERROR
87,ERROR,ERROR,ERROR,ERROR,ERROR,SHIFT S85 NoSem,ERROR,ERROR,ERROR,ERROR,ERROR,ERROR,ERROR,ERROR,ERROR,ERROR,ERROR,ERROR,ERROR,ERROR,ERROR,SHIFT S86 NoSem,ERROR,ERROR,ERROR,ERROR,ERROR,ERROR,ERROR,ERROR,ERROR,ERROR,ERROR,ERROR,ERROR,ERROR,ERROR,ERROR,ERROR,ERROR,ERROR,ERROR,ERROR,ERROR,ERROR,ERROR,ERROR,ERROR,ERROR,ERROR,ERROR,ERROR,ERROR,ERROR,ERROR,ERROR,ERROR,ERROR,ERROR,ERROR,ERROR,ERROR,ERROR,ERROR,ERROR,ERROR,ERROR,ERROR,ERROR,ERROR,ERROR
88,ERROR,PUSH_GOTO S49 NoSem,ERROR,ERROR,PUSH_GOTO S108 NoSem,ERROR,ERROR,ERROR,ERROR,ERROR,ERROR,ERROR,ERROR,PUSH_GOTO S113 NoSem,ERROR,ERROR,ERROR,ERROR,ERROR,ERROR,ERROR,ERROR,ERROR,ERROR,ERROR,ERROR,ERROR,SHIFT S90 NoSem,ERROR,ERROR,ERROR,ERROR,ERROR,ERROR,ERROR,ERROR,ERROR,ERROR,ERROR,ERROR,ERROR,ERROR,ERROR,ERROR,ERROR,ERROR,ERROR,ERROR,ERROR,GOTO S91 NoSem,ERROR,ERROR,ERROR,ERROR,ERROR,ERROR,ERROR,ERROR,ERROR,ERROR,ERROR,ERROR,GOTO S82 NoSem,ERROR,ERROR,ERROR,GOTO S82 NoSem,ERROR,ERROR,ERROR,ERROR
89,ERROR,ERROR,ERROR,ERROR,ERROR,ERROR,ERROR,ERROR,ERROR,ERROR,ERROR,ERROR,ERROR,ERROR,ERROR,ERROR,ERROR,ERROR,SHIFT S82 NoSem,ERROR,ERROR,ERROR,ERROR,ERROR,ERROR,ERROR,ERROR,ERROR,ERROR,ERROR,ERROR,ERROR,ERROR,ERROR,ERROR,ERROR,ERROR,ERROR,ERROR,ERROR,ERROR,ERROR,ERROR,ERROR,ERROR,ERROR,ERROR,ERROR,ERROR,ERROR,ERROR,ERROR,ERROR,ERROR,ERROR,ERROR,ERROR,ERROR,ERROR,ERROR,ERROR,ERROR,ERROR,ERROR,ERROR,ERROR,ERROR,ERROR,ERROR,ERROR,ERROR
90,ERROR,ERROR,ERROR,PUSH_GOTO S42 NoSem,ERROR,ERROR,PUSH_GOTO S35 NoSem,ERROR,ERROR,ERROR,ERROR,ERROR,ERROR,ERROR,ERROR,ERROR,ERROR,ERROR,ERROR,ERROR,PUSH_GOTO S35 NoSem,ERROR,ERROR,ERROR,ERROR,ERROR,ERROR,ERROR,ERROR,ERROR,ERROR,PUSH_GOTO S35 NoSem,ERROR,ERROR,ERROR,ERROR,PUSH_GOTO S35 NoSem,ERROR,ERROR,PUSH_GOTO S35 NoSem,ERROR,ERROR,ERROR,ERROR,ERROR,ERROR,ERROR,ERROR,ERROR,ERROR,ERROR,ERROR,ERROR,ERROR,ERROR,ERROR,ERROR,ERROR,ERROR,ERROR,GOTO S82 NoSem,ERROR,ERROR,ERROR,ERROR,ERROR,ERROR,ERROR,ERROR,GOTO S82 NoSem,ERROR
91,ERROR,PUSH_GOTO S49 NoSem,ERROR,ERROR,ERROR,ERROR,ERROR,ERROR,ERROR,ERROR,ERROR,ERROR,ERROR,ERROR,ERROR,ERROR,ERROR,ERROR,ERROR,ERROR,ERROR,ERROR,ERROR,ERROR,ERROR,ERROR,ERROR,ERROR,ERROR,ERROR,ERROR,ERROR,ERROR,ERROR,ERROR,ERROR,ERROR,ERROR,ERROR,ERROR,ERROR,ERROR,ERROR,ERROR,ERROR,ERROR,ERROR,ERROR,ERROR,ERROR,ERROR,ERROR,ERROR,ERROR,ERROR,ERROR,ERROR,ERROR,ERROR,ERROR,ERROR,ERROR,ERROR,ERROR,ERROR,ERROR,GOTO S82 NoSem,ERROR,ERROR,ERROR,ERROR
92,ERROR,ERROR,ERROR,ERROR,ERROR,ERROR,ERROR,ERROR,ERROR,PUSH_GOTO S104 NoSem,ERROR,PUSH_GOTO S104 NoSem,ERROR,SHIFT S93 NoSem,ERROR,ERROR,ERROR,PUSH_GOTO S104 NoSem,SHIFT S97 NoSem,ERROR,ERROR,ERROR,PUSH_GOTO S102 NoSem,ERROR,ERROR,ERROR,ERROR,ERROR,ERROR,ERROR,ERROR,ERROR,PUSH_GOTO S104 NoSem,ERROR,PUSH_GOTO S102 NoSem,ERROR,ERROR,ERROR,ERROR,ERROR,ERROR,ERROR,ERROR,ERROR,ERROR,ERROR,ERROR,ERROR,ERROR,ERROR,ERROR,ERROR,ERROR,ERROR,ERROR,GOTO S95 NoSem,ERROR,ERROR,ERROR,ERROR,ERROR,ERROR,ERROR,GOTO S96 NoSem,ERROR,ERROR,ERROR,ERROR,ERROR,ERROR,ERROR
93,ERROR,ERROR,ERROR,ERROR,ERROR,ERROR,ERROR,ERROR,ERROR,PUSH_GOTO S92 NoSem,ERROR,PUSH_GOTO S92 NoSem,ERROR,PUSH_GOTO S92 NoSem,ERROR,ERROR,ERROR,PUSH_GOTO S92 NoSem,PUSH_GOTO S92 NoSem,ERROR,ERROR,ERROR,PUSH_GOTO S92 NoSem,ERROR,ERROR,ERROR,ERROR,ERROR,ERROR,ERROR,ERROR,ERROR,PUSH_GOTO S92 NoSem,ERROR,PUSH_GOTO S92 NoSem,ERROR,ERROR,ERROR,ERROR,ERROR,ERROR,ERROR,ERROR,ERROR,ERROR,ERROR,ERROR,ERROR,ERROR,ERROR,ERROR,ERROR,ERROR,ERROR,ERROR,ERROR,ERROR,ERROR,ERROR,ERROR,ERROR,ERROR,ERROR,ERROR,ERROR,GOTO S94 NoSem,ERROR,ERROR,ERROR,ERROR,ERROR
94,ERROR,ERROR,ERROR,ERROR,ERROR,SHIFT S95 NoSem,ERROR,ERROR,ERROR,ERROR,ERROR,ERROR,ERROR,ERROR,ERROR,ERROR,ERROR,ERROR,ERROR,ERROR,ERROR,ERROR,ERROR,ERROR,ERROR,ERROR,ERROR,ERROR,ERROR,ERROR,ERROR,ERROR,ERROR,ERROR,ERROR,ERROR,ERROR,ERROR,ERROR,ERROR,ERROR,ERROR,ERROR,ERROR,ERROR,ERROR,ERROR,ERROR,ERROR,ERROR,ERROR,ERROR,ERROR,ERROR,ERROR,ERROR,ERROR,ERROR,ERROR,ERROR,ERROR,ERROR,ERROR,ERROR,ERROR,ERROR,ERROR,ERROR,ERROR,ERROR,ERROR
95,ERROR,ERROR,PUSH_GOTO S100 NoSem,ERROR,ERROR,REDUCE EXPR,ERROR,ERROR,ERROR,ERROR,PUSH_GOTO S100 NoSem,ERROR,ERROR,ERROR,REDUCE EXPR,ERROR,ERROR,ERROR,ERROR,ERROR,ERROR,REDUCE EXPR,PUSH_GOTO S100 NoSem,ERROR,PUSH_GOTO S100 NoSem,PUSH_GOTO S100 NoSem,PUSH_GOTO S100 NoSem,ERROR,PUSH_GOTO S100 NoSem,PUSH_GOTO S100 NoSem,ERROR,ERROR,ERROR,PUSH_GOTO S100 NoSem,ERROR,PUSH_GOTO S100 NoSem,ERROR,REDUCE EXPR,PUSH_GOTO S100 NoSem,ERROR,ERROR,ERROR,ERROR,PUSH_GOTO S100 NoSem,PUSH_GOTO S100 NoSem,PUSH_GOTO S100 NoSem,PUSH_GOTO S100 NoSem,PUSH_GOTO S100 NoSem,ERROR,ERROR,ERROR,ERROR,ERROR,GOTO S98 NoSem,ERROR,ERROR,ERROR,ERROR,ERROR,ERROR,ERROR,ERROR,ERROR,ERROR,ERROR,ERROR,ERROR,ERROR,ERROR,ERROR,ERROR
96,ERROR,ERROR,ERROR,ERROR,ERROR,ERROR,ERROR,ERROR,ERROR,PUSH_GOTO S92 NoSem,ERROR,PUSH_GOTO S92 NoSem,ERROR,PUSH_GOTO S92 NoSem,ERROR,ERROR,ERROR,PUSH_GOTO S92 NoSem,PUSH_GOTO S92 NoSem,ERROR,ERROR,ERROR,PUSH_GOTO S92 NoSem,ERROR,ERROR,ERROR,ERROR,ERROR,ERROR,ERROR,ERROR,ERROR,PUSH_GOTO S92 NoSem,ERROR,PUSH_GOTO S92 NoSem,ERROR,ERROR,ERROR,ERROR,ERROR,ERROR,ERROR,ERROR,ERROR,ERROR,ERROR,ERROR,ERROR,ERROR,ERROR,ERROR,ERROR,ERROR,ERROR,ERROR,ERROR,ERROR,ERROR,ERROR,ERROR,ERROR,ERROR,ERROR,ERROR,ERROR,GOTO S95 NoSem,ERROR,ERROR,ERROR,ERROR,ERROR
97,ERROR,ERROR,REDUCE EXPR,ERROR,PUSH_GOTO S108 NoSem,REDUCE EXPR,ERROR,ERROR,ERROR,ERROR,REDUCE EXPR,ERROR,ERROR,PUSH_GOTO S113 NoSem,REDUCE EXPR,ERROR,ERROR,ERROR,ERROR,ERROR,ERROR,REDUCE EXPR,REDUCE EXPR,ERROR,REDUCE EXPR,REDUCE EXPR,REDUCE EXPR,ERROR,REDUCE EXPR,REDUCE EXPR,ERROR,ERROR,ERROR,REDUCE EXPR,ERROR,REDUCE EXPR,ERROR,REDUCE EXPR,REDUCE EXPR,ERROR,ERROR,ERROR,ERROR,REDUCE EXPR,REDUCE EXPR,REDUCE EXPR,REDUCE EXPR,REDUCE EXPR,ERROR,GOTO S95 NoSem,ERROR,ERROR,ERROR,ERROR,ERROR,ERROR,ERROR,ERROR,ERROR,ERROR,ERROR,ERROR,GOTO S95 NoSem,ERROR,ERROR,ERROR,ERROR,ERROR,ERROR,ERROR,ERROR
98,ERROR,ERROR,ERROR,ERROR,ERROR,ERROR,ERROR,ERROR,ERROR,PUSH_GOTO S92 NoSem,ERROR,PUSH_GOTO S92 NoSem,ERROR,PUSH_GOTO S92 NoSem,ERROR,ERROR,ERROR,PUSH_GOTO S92 NoSem,PUSH_GOTO S92 NoSem,ERROR,ERROR,ERROR,PUSH_GOTO S92 NoSem,ERROR,ERROR,ERROR,ERROR,ERROR,ERROR,ERROR,ERROR,ERROR,PUSH_GOTO S92 NoSem,ERROR,PUSH_GOTO S92 NoSem,ERROR,ERROR,ERROR,ERROR,ERROR,ERROR,ERROR,ERROR,ERROR,ERROR,ERROR,ERROR,ERROR,ERROR,ERROR,ERROR,ERROR,ERROR,ERROR,ERROR,ERROR,ERROR,ERROR,ERROR,ERROR,ERROR,ERROR,ERROR,ERROR,ERROR,GOTO S99 NoSem,ERROR,ERROR,ERROR,ERROR,ERROR
99,ERROR,ERROR,REDUCE EXPR,ERROR,ERROR,REDUCE EXPR,ERROR,ERROR,ERROR,ERROR,REDUCE EXPR,ERROR,ERROR,ERROR,REDUCE EXPR,ERROR,ERROR,ERROR,ERROR,ERROR,ERROR,REDUCE EXPR,REDUCE EXPR,ERROR,REDUCE EXPR,REDUCE EXPR,REDUCE EXPR,ERROR,REDUCE EXPR,REDUCE EXPR,ERROR,ERROR,ERROR,REDUCE EXPR,ERROR,REDUCE EXPR,ERROR,REDUCE EXPR,REDUCE EXPR,ERROR,ERROR,ERROR,ERROR,REDUCE EXPR,REDUCE EXPR,REDUCE EXPR,REDUCE EXPR,REDUCE EXPR,ERROR,ERROR,ERROR,ERROR,ERROR,ERROR,ERROR,ERROR,ERROR,ERROR,ERROR,ERROR,ERROR,ERROR,ERROR,ERROR,ERROR,ERROR,ERROR,ERROR,ERROR,ERROR,ERROR
100,ERROR,ERROR,SHIFT S101 NoSem,ERROR,ERROR,ERROR,ERROR,ERROR,ERROR,ERROR,SHIFT S101 NoSem,ERROR,ERROR,ERROR,ERROR,ERROR,ERROR,ERROR,ERROR,ERROR,ERROR,ERROR,SHIFT S101 NoSem,ERROR,SHIFT S101 NoSem,SHIFT S101 NoSem,SHIFT S101 NoSem,ERROR,SHIFT S101 NoSem,SHIFT S101 NoSem,ERROR,ERROR,ERROR,SHIFT S101 NoSem,ERROR,SHIFT S101 NoSem,ERROR,ERROR,SHIFT S101 NoSem,ERROR,ERROR,ERROR,ERROR,SHIFT S101 NoSem,SHIFT S101 NoSem,SHIFT S101 NoSem,SHIFT S101 NoSem,SHIFT S101 NoSem,ERROR,ERROR,ERROR,ERROR,ERROR,ERROR,ERROR,ERROR,ERROR,ERROR,ERROR,ERROR,ERROR,ERROR,ERROR,ERROR,ERROR,ERROR,ERROR,ERROR,ERROR,ERROR,ERROR
101,ERROR,ERROR,ERROR,ERROR,ERROR,ERROR,ERROR,ERROR,ERROR,REDUCE BINARY_OP,ERROR,REDUCE BINARY_OP,ERROR,REDUCE BINARY_OP,ERROR,ERROR,ERROR,REDUCE BINARY_OP,REDUCE BINARY_OP,ERROR,ERROR,ERROR,REDUCE BINARY_OP,ERROR,ERROR,ERROR,ERROR,ERROR,ERROR,ERROR,ERROR,ERROR,REDUCE BINARY_OP,ERROR,REDUCE BINARY_OP,ERROR,ERROR,ERROR,ERROR,ERROR,ERROR,ERROR,ERROR,ERROR,ERROR,ERROR,ERROR,ERROR,ERROR,ERROR,ERROR,ERROR,ERROR,ERROR,ERROR,ERROR,ERROR,ERROR,ERROR,ERROR,ERROR,ERROR,ERROR,ERROR,ERROR,ERROR,ERROR,ERROR,ERROR,ERROR,ERROR
102,ERROR,ERROR,ERROR,ERROR,ERROR,ERROR,ERROR,ERROR,ERROR,ERROR,ERROR,ERROR,ERROR,ERROR,ERROR,ERROR,ERROR,ERROR,ERROR,ERROR,ERROR,ERROR,SHIFT S103 NoSem,ERROR,ERROR,ERROR,ERROR,ERROR,ERROR,ERROR,ERROR,ERROR,ERROR,ERROR,SHIFT S103 NoSem,ERROR,ERROR,ERROR,ERROR,ERROR,ERROR,ERROR,ERROR,ERROR,ERROR,ERROR,ERROR,ERROR,ERROR,ERROR,ERROR,ERROR,ERROR,ERROR,ERROR,ERROR,ERROR,ERROR,ERROR,ERROR,ERROR,ERROR,ERROR,ERROR,ERROR,ERROR,ERROR,ERROR,ERROR,ERROR,ERROR
103,ERROR,ERROR,ERROR,ERROR,ERROR,ERROR,ERROR,ERROR,ERROR,REDUCE UNARY_OP,ERROR,REDUCE UNARY_OP,ERROR,REDUCE UNARY_OP,ERROR,ERROR,ERROR,REDUCE UNARY_OP,REDUCE UNARY_OP,ERROR,ERROR,ERROR,REDUCE UNARY_OP,ERROR,ERROR,ERROR,ERROR,ERROR,ERROR,ERROR,ERROR,ERROR,REDUCE UNARY_OP,ERROR,REDUCE UNARY_OP,ERROR,ERROR,ERROR,ERROR,ERROR,ERROR,ERROR,ERROR,ERROR,ERROR,ERROR,ERROR,ERROR,ERROR,ERROR,ERROR,ERROR,ERROR,ERROR,ERROR,ERROR,ERROR,ERROR,ERROR,ERROR,ERROR,ERROR,ERROR,ERROR,ERROR,ERROR,ERROR,ERROR,ERROR,ERROR,ERROR
104,ERROR,ERROR,ERROR,ERROR,ERROR,ERROR,ERROR,ERROR,ERROR,SHIFT S105 NoSem,ERROR,SHIFT S105 NoSem,ERROR,ERROR,ERROR,ERROR,ERROR,SHIFT S105 NoSem,ERROR,ERROR,ERROR,ERROR,ERROR,ERROR,ERROR,ERROR,ERROR,ERROR,ERROR,ERROR,ERROR,ERROR,SHIFT S105 NoSem,ERROR,ERROR,ERROR,ERROR,ERROR,ERROR,ERROR,ERROR,ERROR,ERROR,ERROR,ERROR,ERROR,ERROR,ERROR,ERROR,ERROR,ERROR,ERROR,ERROR,ERROR,ERROR,ERROR,ERROR,ERROR,ERROR,ERROR,ERROR,ERROR,ERROR,ERROR,ERROR,ERROR,ERROR,ERROR,ERROR,ERROR,ERROR
105,ERROR,ERROR,REDUCE CONSTANT,ERROR,ERROR,REDUCE CONSTANT,ERROR,ERROR,ERROR,ERROR,REDUCE CONSTANT,ERROR,ERROR,ERROR,REDUCE CONSTANT,ERROR,ERROR,ERROR,ERROR,ERROR,ERROR,REDUCE CONSTANT,REDUCE CONSTANT,ERROR,REDUCE CONSTANT,REDUCE CONSTANT,REDUCE CONSTANT,ERROR,REDUCE CONSTANT,REDUCE CONSTANT,ERROR,ERROR,ERROR,REDUCE CONSTANT,ERROR,REDUCE CONSTANT,ERROR,REDUCE CONSTANT,REDUCE CONSTANT,ERROR,ERROR,ERROR,ERROR,REDUCE CONSTANT,REDUCE CONSTANT,REDUCE CONSTANT,REDUCE CONSTANT,REDUCE CONSTANT,ERROR,ERROR,ERROR,ERROR,ERROR,ERROR,ERROR,ERROR,ERROR,ERROR,ERROR,ERROR,ERROR,ERROR,ERROR,ERROR,ERROR,ERROR,ERROR,ERROR,ERROR,ERROR,ERROR
106,ERROR,ERROR,ERROR,ERROR,ERROR,ERROR,SHIFT S107 NoSem,ERROR,ERROR,ERROR,ERROR,ERROR,ERROR,ERROR,ERROR,ERROR,ERROR,ERROR,ERROR,ERROR,SHIFT S107 NoSem,ERROR,ERROR,ERROR,ERROR,ERROR,ERROR,ERROR,ERROR,ERROR,ERROR,SHIFT S107 NoSem,ERROR,ERROR,ERROR,ERROR,SHIFT S107 NoSem,ERROR,ERROR,SHIFT S107 NoSem,ERROR,ERROR,ERROR,ERROR,ERROR,ERROR,ERROR,ERROR,ERROR,ERROR,ERROR,ERROR,ERROR,ERROR,ERROR,ERROR,ERROR,ERROR,ERROR,ERROR,ERROR,ERROR,ERROR,ERROR,ERROR,ERROR,ERROR,ERROR,ERROR,ERROR,ERROR
107,REDUCE TYPE,REDUCE TYPE,ERROR,REDUCE TYPE,ERROR,REDUCE TYPE,REDUCE TYPE,ERROR,REDUCE TYPE,ERROR,ERROR,ERROR,ERROR,ERROR,REDUCE TYPE,REDUCE TYPE,ERROR,ERROR,ERROR,ERROR,REDUCE TYPE,ERROR,ERROR,REDUCE TYPE,ERROR,ERROR,ERROR,ERROR,ERROR,ERROR,REDUCE TYPE,REDUCE TYPE,ERROR,ERROR,ERROR,ERROR,REDUCE TYPE,ERROR,ERROR,REDUCE TYPE,ERROR,ERROR,ERROR,ERROR,ERROR,ERROR,ERROR,ERROR,ERROR,ERROR,ERROR,ERROR,ERROR,ERROR,ERROR,ERROR,ERROR,ERROR,ERROR,ERROR,ERROR,ERROR,ERROR,ERROR,ERROR,ERROR,ERROR,ERROR,ERROR,ERROR,ERROR
108,ERROR,ERROR,ERROR,ERROR,SHIFT S109 NoSem,ERROR,ERROR,ERROR,ERROR,ERROR,ERROR,ERROR,ERROR,ERROR,ERROR,ERROR,ERROR,ERROR,ERROR,ERROR,ERROR,ERROR,ERROR,ERROR,ERROR,ERROR,ERROR,ERROR,ERROR,ERROR,ERROR,ERROR,ERROR,ERROR,ERROR,ERROR,ERROR,ERROR,ERROR,ERROR,ERROR,ERROR,ERROR,ERROR,ERROR,ERROR,ERROR,ERROR,ERROR,ERROR,ERROR,ERROR,ERROR,ERROR,ERROR,ERROR,ERROR,ERROR,ERROR,ERROR,ERROR,ERROR,ERROR,ERROR,ERROR,ERROR,ERROR,ERROR,ERROR,ERROR,ERROR
109,ERROR,ERROR,ERROR,ERROR,ERROR,ERROR,ERROR,ERROR,ERROR,PUSH_GOTO S92 NoSem,ERROR,PUSH_GOTO S92 NoSem,ERROR,PUSH_GOTO S92 NoSem,ERROR,ERROR,ERROR,PUSH_GOTO S92 NoSem,PUSH_GOTO S92 NoSem,ERROR,ERROR,ERROR,PUSH_GOTO S92 NoSem,ERROR,ERROR,ERROR,ERROR,ERROR,ERROR,ERROR,ERROR,ERROR,PUSH_GOTO S92 NoSem,ERROR,PUSH_GOTO S92 NoSem,ERROR,ERROR,ERROR,ERROR,ERROR,ERROR,ERROR,ERROR,ERROR,ERROR,ERROR,ERROR,ERROR,ERROR,ERROR,ERROR,ERROR,ERROR,ERROR,ERROR,ERROR,ERROR,ERROR,ERROR,ERROR,ERROR,ERROR,ERROR,ERROR,ERROR,GOTO S110 NoSem,ERROR,ERROR,ERROR,ERROR,ERROR
110,ERROR,ERROR,ERROR,ERROR,ERROR,ERROR,ERROR,ERROR,ERROR,ERROR,ERROR,ERROR,ERROR,ERROR,ERROR,ERROR,ERROR,ERROR,ERROR,ERROR,ERROR,SHIFT S111 NoSem,ERROR,ERROR,ERROR,ERROR,ERROR,ERROR,ERROR,ERROR,ERROR,ERROR,ERROR,ERROR,ERROR,ERROR,ERROR,SHIFT S112 NoSem,ERROR,ERROR,ERROR,ERROR,ERROR,ERROR,ERROR,ERROR,ERROR,ERROR,ERROR,ERROR,ERROR,ERROR,ERROR,ERROR,ERROR,ERROR,ERROR,ERROR,ERROR,ERROR,ERROR,ERROR,ERROR,ERROR,ERROR,ERROR,ERROR,ERROR,ERROR,ERROR,ERROR
111,ERROR,ERROR,ERROR,ERROR,ERROR,ERROR,ERROR,ERROR,ERROR,PUSH_GOTO S92 NoSem,ERROR,PUSH_GOTO S92 NoSem,ERROR,PUSH_GOTO S92 NoSem,ERROR,ERROR,ERROR,PUSH_GOTO S92 NoSem,PUSH_GOTO S92 NoSem,ERROR,ERROR,ERROR,PUSH_GOTO S92 NoSem,ERROR,ERROR,ERROR,ERROR,ERROR,ERROR,ERROR,ERROR,ERROR,PUSH_GOTO S92 NoSem,ERROR,PUSH_GOTO S92 NoSem,ERROR,ERROR,ERROR,ERROR,ERROR,ERROR,ERROR,ERROR,ERROR,ERROR,ERROR,ERROR,ERROR,ERROR,ERROR,ERROR,ERROR,ERROR,ERROR,ERROR,ERROR,ERROR,ERROR,ERROR,ERROR,ERROR,ERROR,ERROR,ERROR,ERROR,GOTO S110 NoSem,ERROR,ERROR,ERROR,ERROR,ERROR
112,ERROR,REDUCE ID_ARRAY,REDUCE ID_ARRAY,ERROR,ERROR,REDUCE ID_ARRAY,ERROR,ERROR,ERROR,ERROR,REDUCE ID_ARRAY,ERROR,ERROR,ERROR,REDUCE ID_ARRAY,ERROR,ERROR,ERROR,ERROR,ERROR,ERROR,REDUCE ID_ARRAY,REDUCE ID_ARRAY,ERROR,REDUCE ID_ARRAY,REDUCE ID_ARRAY,REDUCE ID_ARRAY,ERROR,REDUCE ID_ARRAY,REDUCE ID_ARRAY,ERROR,ERROR,ERROR,REDUCE ID_ARRAY,ERROR,REDUCE ID_ARRAY,ERROR,REDUCE ID_ARRAY,REDUCE ID_ARRAY,ERROR,ERROR,ERROR,ERROR,REDUCE ID_ARRAY,REDUCE ID_ARRAY,REDUCE ID_ARRAY,REDUCE ID_ARRAY,REDUCE ID_ARRAY,ERROR,ERROR,ERROR,ERROR,ERROR,ERROR,ERROR,ERROR,ERROR,ERROR,ERROR,ERROR,ERROR,ERROR,ERROR,ERROR,ERROR,ERROR,ERROR,ERROR,ERROR,ERROR,ERROR
113,ERROR,ERROR,ERROR,ERROR,ERROR,ERROR,ERROR,ERROR,ERROR,ERROR,ERROR,ERROR,ERROR,SHIFT S114 NoSem,ERROR,ERROR,ERROR,ERROR,ERROR,ERROR,ERROR,ERROR,ERROR,ERROR,ERROR,ERROR,ERROR,ERROR,ERROR,ERROR,ERROR,ERROR,ERROR,ERROR,ERROR,ERROR,ERROR,ERROR,ERROR,ERROR,ERROR,ERROR,ERROR,ERROR,ERROR,ERROR,ERROR,ERROR,ERROR,ERROR,ERROR,ERROR,ERROR,ERROR,ERROR,ERROR,ERROR,ERROR,ERROR,ERROR,ERROR,ERROR,ERROR,ERROR,ERROR,ERROR,ERROR,ERROR,ERROR,ERROR,ERROR
114,ERROR,ERROR,ERROR,ERROR,ERROR,SHIFT S118 NoSem,ERROR,ERROR,ERROR,PUSH_GOTO S92 NoSem,ERROR,PUSH_GOTO S92 NoSem,ERROR,PUSH_GOTO S92 NoSem,ERROR,ERROR,ERROR,PUSH_GOTO S92 NoSem,PUSH_GOTO S92 NoSem,ERROR,ERROR,ERROR,PUSH_GOTO S92 NoSem,ERROR,ERROR,ERROR,ERROR,ERROR,ERROR,ERROR,ERROR,ERROR,PUSH_GOTO S92 NoSem,ERROR,PUSH_GOTO S92 NoSem,ERROR,ERROR,ERROR,ERROR,ERROR,ERROR,ERROR,ERROR,ERROR,ERROR,ERROR,ERROR,ERROR,ERROR,ERROR,ERROR,ERROR,ERROR,ERROR,ERROR,ERROR,ERROR,ERROR,ERROR,ERROR,ERROR,ERROR,ERROR,ERROR,ERROR,GOTO S115 NoSem,ERROR,ERROR,ERROR,ERROR,ERROR
115,ERROR,ERROR,ERROR,ERROR,ERROR,SHIFT S118 NoSem,ERROR,ERROR,ERROR,ERROR,ERROR,ERROR,ERROR,ERROR,ERROR,ERROR,ERROR,ERROR,ERROR,ERROR,ERROR,SHIFT S116 NoSem,ERROR,ERROR,ERROR,ERROR,ERROR,ERROR,ERROR,ERROR,ERROR,ERROR,ERROR,ERROR,ERROR,ERROR,ERROR,ERROR,ERROR,ERROR,ERROR,ERROR,ERROR,ERROR,ERROR,ERROR,ERROR,ERROR,ERROR,ERROR,ERROR,ERROR,ERROR,ERROR,ERROR,ERROR,ERROR,ERROR,ERROR,ERROR,ERROR,ERROR,ERROR,ERROR,ERROR,ERROR,ERROR,ERROR,ERROR,ERROR,ERROR
116,ERROR,ERROR,ERROR,ERROR,ERROR,ERROR,ERROR,ERROR,ERROR,PUSH_GOTO S92 NoSem,ERROR,PUSH_GOTO S92 NoSem,ERROR,PUSH_GOTO S92 NoSem,ERROR,ERROR,ERROR,PUSH_GOTO S92 NoSem,PUSH_GOTO S92 NoSem,ERROR,ERROR,ERROR,PUSH_GOTO S92 NoSem,ERROR,ERROR,ERROR,ERROR,ERROR,ERROR,ERROR,ERROR,ERROR,PUSH_GOTO S92 NoSem,ERROR,PUSH_GOTO S92 NoSem,ERROR,ERROR,ERROR,ERROR,ERROR,ERROR,ERROR,ERROR,ERROR,ERROR,ERROR,ERROR,ERROR,ERROR,ERROR,ERROR,ERROR,ERROR,ERROR,ERROR,ERROR,ERROR,ERROR,ERROR,ERROR,ERROR,ERROR,ERROR,ERROR,ERROR,GOTO S117 NoSem,ERROR,ERROR,ERROR,ERROR,ERROR
117,ERROR,ERROR,ERROR,ERROR,ERROR,SHIFT S118 NoSem,ERROR,ERROR,ERROR,ERROR,ERROR,ERROR,ERROR,ERROR,ERROR,ERROR,ERROR,ERROR,ERROR,ERROR,ERROR,SHIFT S116 NoSem,ERROR,ERROR,ERROR,ERROR,ERROR,ERROR,ERROR,ERROR,ERROR,ERROR,ERROR,ERROR,ERROR,ERROR,ERROR,ERROR,ERROR,ERROR,ERROR,ERROR,ERROR,ERROR,ERROR,ERROR,ERROR,ERROR,ERROR,ERROR,ERROR,ERROR,ERROR,ERROR,ERROR,ERROR,ERROR,ERROR,ERROR,ERROR,ERROR,ERROR,ERROR,ERROR,ERROR,ERROR,ERROR,ERROR,ERROR,ERROR,ERROR
118,ERROR,ERROR,REDUCE FUNCTION_CALL_PRIME,ERROR,ERROR,REDUCE FUNCTION_CALL_PRIME,ERROR,ERROR,ERROR,ERROR,REDUCE FUNCTION_CALL_PRIME,ERROR,ERROR,ERROR,REDUCE FUNCTION_CALL_PRIME,ERROR,ERROR,ERROR,ERROR,ERROR,ERROR,REDUCE FUNCTION_CALL_PRIME,REDUCE FUNCTION_CALL_PRIME,ERROR,REDUCE FUNCTION_CALL_PRIME,REDUCE FUNCTION_CALL_PRIME,REDUCE FUNCTION_CALL_PRIME,ERROR,REDUCE FUNCTION_CALL_PRIME,REDUCE FUNCTION_CALL_PRIME,ERROR,ERROR,ERROR,REDUCE FUNCTION_CALL_PRIME,ERROR,REDUCE FUNCTION_CALL_PRIME,ERROR,REDUCE FUNCTION_CALL_PRIME,REDUCE FUNCTION_CALL_PRIME,ERROR,ERROR,ERROR,ERROR,REDUCE FUNCTION_CALL_PRIME,REDUCE FUNCTION_CALL_PRIME,REDUCE FUNCTION_CALL_PRIME,REDUCE FUNCTION_CALL_PRIME,REDUCE FUNCTION_CALL_PRIME,ERROR,ERROR,ERROR,ERROR,ERROR,ERROR,ERROR,ERROR,ERROR,ERROR,ERROR,ERROR,ERROR,ERROR,ERROR,ERROR,ERROR,ERROR,ERROR,ERROR,ERROR,ERROR,ERROR

